lang,name,bytes,sha256,vcodec,width,height,pix_fmt,fps,frames,video_dur,unique_frames,dup_frac,dup_parity,eff_fps,acodec,arate,ach,audio_samples,audio_dur,av_diff,decode_rc,warnings,benign_warnings
eng,brfcom,858029,32a57707b2b769685c2480a6dc5e12abcda6625dce984a2091072295ea1853be,escape130,320,240,yuv420p,25.0,60,2.4,60,0.0,0.0,25.0,adpcm_ima_escape,22050,1,52920,2.4,0.0,0,0,1
eng,brfcom4s,1426481,45ba0a9df610280b335cbcfc721f9cfcac7ffb7f7020a67e17724175c820497a,escape130,320,240,yuv420p,25.0,100,4.0,100,0.0,0.0,25.0,adpcm_ima_escape,22050,1,88200,4.0,0.0,0,0,1
eng,c001,16901222,c2930e216819a1070e10d09ad55276eb647843a0ae296ffaa2e341cd996169e4,escape130,320,240,yuv420p,25.0,1677,67.08,1593,0.05,0.643,23.75,adpcm_ima_escape,22050,1,1479114,67.08,0.0,0,0,1
eng,cam1/c001,17880398,80dc7b5d545b1c936b631649c3126653f100d181a615f0d3cf360fc8269551d6,escape130,320,240,yuv420p,25.0,1777,71.08,1693,0.047,0.643,23.82,adpcm_ima_escape,22050,1,1567314,71.08,0.0,0,0,1
eng,cam1/c001end,16877791,19e876da9451518cc097ceb9f53ff2cc8858707d1a957ceafc87a78db85358d0,escape130,320,240,yuv420p,25.0,844,33.76,838,0.007,0.667,24.82,adpcm_ima_escape,22050,1,744408,33.76,0.0,0,0,1
eng,cam1/c001pl,1626366,dead0c1de4959945e9aaff2952cff243908936268ebfc27ab805034ef4850a80,escape130,320,240,yuv420p,25.0,114,4.56,114,0.0,0.0,25.0,adpcm_ima_escape,22050,1,100548,4.56,0.0,0,0,1
eng,cam1/cam1,5848283,ac43a855d55373dd5cfd9b9bad63eae84a5f6b115208e8b2b80f8cfe669e688e,escape130,320,240,yuv420p,25.0,492,19.68,401,0.185,0.505,20.38,adpcm_ima_escape,22050,1,433944,19.68,0.0,0,0,1
eng,cam1/cam1ac,2022650,c486f3533451e4113cf8f67b9f8fa31a39284bd959507e8fa382188a0a311924,escape130,320,240,yuv420p,12.5,150,12.0,150,0.0,0.0,12.5,adpcm_ima_escape,22050,1,264600,12.0,0.0,0,0,1
eng,cam1/cam1acp,3277385,99177b33b116bd6987afe36f46ceda10868845b982bb162faa3d7cb76fbf9dab,escape130,320,240,yuv420p,25.0,230,9.2,230,0.0,0.0,25.0,adpcm_ima_escape,22050,1,202860,9.2,0.0,0,0,1
eng,cam1/cam1ascv,1531041,63f23b32dfb6f9e3492336292b6a753e072c06ff0e52fa1c1c354b64ea3f78f5,escape130,320,240,yuv420p,12.5,102,8.16,101,0.01,1.0,12.38,adpcm_ima_escape,22050,1,179928,8.16,0.0,0,0,1
eng,cam1/cam1b,3678823,769a754b30740bda4f35c8b652baf62494b7a03d6837cd381a241d9c5eaff974,escape130,320,240,yuv420p,12.5,250,20.0,250,0.0,0.0,12.5,adpcm_ima_escape,22050,1,441000,20.0,0.0,0,0,1
eng,cam1/cam1b_p,3633519,707e98e5d7be22ade7f6a575bddf79a2ab55c7487f3a45636364124e9efcce0d,escape130,320,240,yuv420p,25.0,255,10.2,255,0.0,0.0,25.0,adpcm_ima_escape,22050,1,224910,10.2,0.0,0,0,1
eng,cam1/cam1bpow,1471369,9df206ca52f853d34d9f8670b89126d424fb3347091cf44f76e1047a9bbf620e,escape130,320,240,yuv420p,12.5,160,12.8,159,0.006,1.0,12.42,adpcm_ima_escape,22050,1,282240,12.8,0.0,0,0,1
eng,cam1/cam1ca,7673712,dbd2252555e1d5cea62f0c0f420d2983ce7da4c82bf202cea6337cb52c7d96dc,escape130,320,240,yuv420p,25.0,518,20.72,518,0.0,0.0,25.0,adpcm_ima_escape,22050,1,456876,20.72,0.0,0,0,1
eng,cam1/cam1capl,4702921,07951d1af61643b10de79f569578e4cc2ea12baf755e7a5422282f43b9018e6d,escape130,320,240,yuv420p,25.0,330,13.2,330,0.0,0.0,25.0,adpcm_ima_escape,22050,1,291060,13.2,0.0,0,0,1
eng,cam1/cam1ccf,2193974,32f1bc797d4f2281d91b535f1ae87b75b08ff76bf6a97162b856a00f88a35d8e,escape130,320,240,yuv420p,12.5,181,14.48,181,0.0,0.0,12.5,adpcm_ima_escape,22050,1,319284,14.48,0.0,0,0,1
eng,cam1/cam1ccom,2526615,82a4b80c9cd7421e1804a91d8a81bfe2820128c958ffd9d174f761d4e0034029,escape130,320,240,yuv420p,25.0,480,19.2,350,0.271,0.5,18.23,adpcm_ima_escape,22050,1,423360,19.2,0.0,0,0,1
eng,cam1/cam1clz,1905207,b07ff4fb23fb1c6282702ca2b1a9bddae69963a61c65bac7766df4680d861d99,escape130,320,240,yuv420p,12.5,131,10.48,128,0.023,0.667,12.21,adpcm_ima_escape,22050,1,231084,10.48,0.0,0,0,1
eng,cam1/cam1cnp,1391998,2fe5fb58d5c0cb79208c050347803c9a92cfe55d2d378e7186e1e653aa8e06f5,escape130,320,240,yuv420p,25.0,438,17.52,130,0.703,0.503,7.42,adpcm_ima_escape,22050,1,386316,17.52,0.0,0,0,1
eng,cam1/cam1d,2050603,aec823678980554395c1f58d0212f9cf9075e13ab75c3cdf246804cf9d2853ad,escape130,320,240,yuv420p,12.5,150,12.0,150,0.0,0.0,12.5,adpcm_ima_escape,22050,1,264600,12.0,0.0,0,0,1
eng,cam1/cam1dnp,1422737,c7372aad5e2e84ed5469b1ebd166ce0bbbe53bae2d4dc36f199bf6e2b19eea1a,escape130,320,240,yuv420p,25.0,459,18.36,130,0.717,0.502,7.08,adpcm_ima_escape,22050,1,404838,18.36,0.0,0,0,1
eng,cam1/cam1dp1,2723014,0f5f42bed1454ff9b0633011523aa4576dea4cf2bb7227a8100e7ed9638f76b2,escape130,320,240,yuv420p,25.0,191,7.64,191,0.0,0.0,25.0,adpcm_ima_escape,22050,1,168462,7.64,0.0,0,0,1
eng,cam1/cam1dp2,2610458,51afa3824db7eadd251a838b1958beea42a372c5d4cc86d378581a05b2e74792,escape130,320,240,yuv420p,25.0,183,7.32,183,0.0,0.0,25.0,adpcm_ima_escape,22050,1,161406,7.32,0.0,0,0,1
eng,cam1/cam1out1,5415198,1411b21b286c25f800698f76d2388ccefe858f51d673748de93d8448cd33c61d,escape130,320,240,yuv420p,12.5,338,27.04,338,0.0,0.0,12.5,adpcm_ima_escape,22050,1,596232,27.04,0.0,0,0,1
eng,cam1/cam1out2,8293735,fc4ecb4d56ccf75ca5408745f640bc117e5a97a4c785a05bfafce6e0ed8e69bc,escape130,320,240,yuv420p,25.0,939,37.56,917,0.023,0.591,24.41,adpcm_ima_escape,22050,1,828198,37.56,0.0,0,0,1
eng,cam1/cam1out3,2098569,81bcc1d615c2d238f01e0a6323059f9f83373dac488b423b5815943d68b65d8e,escape130,320,240,yuv420p,25.0,122,4.88,50,0.59,0.5,10.25,adpcm_ima_escape,22050,1,107604,4.88,0.0,0,0,1
eng,cam1/cam1out4,5935348,bcf8155f4599f9a1d811a93a6cac30696976deede1a606ce7e1e5573fe07719a,escape130,320,240,yuv420p,25.0,689,27.56,621,0.099,0.515,22.53,adpcm_ima_escape,22050,1,607698,27.56,0.0,0,0,1
eng,cam1/cam1out5,11896323,682f42c1fe58c65eab6e3a301c51f3c1bee3ab5e5718c2396085148229fdc31d,escape130,320,240,yuv420p,25.0,916,36.64,916,0.0,0.0,25.0,adpcm_ima_escape,22050,1,807912,36.64,0.0,0,0,1
eng,cam1/cam1out6,1467053,e00ffa997683768a63de7931d7999735f5c5afc32d385b57817c6fbb2a8093c4,escape130,320,240,yuv420p,25.0,103,4.12,103,0.0,0.0,25.0,adpcm_ima_escape,22050,1,90846,4.12,0.0,0,0,1
eng,cam1/map1a_c,12160709,77a1940b2e89c25ed8f9beacab1a64fdae121117d5181cc7652f078b637bdaaa,escape130,320,240,yuv420p,25.0,1916,76.64,1578,0.176,0.571,20.59,adpcm_ima_escape,22050,1,1689912,76.64,0.0,0,0,1
eng,cam1/map1c,2436339,7da38c68b14e58b0beda63299f9f9b4c723f72509fe3a6c92701bb461bdee9ed,escape130,320,240,yuv420p,12.5,114,9.12,101,0.114,0.538,11.07,adpcm_ima_escape,22050,1,201096,9.12,0.0,0,0,1
eng,cam1/map1cexp,6032342,ef32074ffa917da38b214f2114f0f752e15450e935a5f69cbb47903082be9065,escape130,320,240,yuv420p,25.0,1089,43.56,673,0.382,0.507,15.45,adpcm_ima_escape,22050,1,960498,43.56,0.0,0,0,1
eng,cam1/sub12pt2,1445641,86797a7701163ebc5761f749255b10948713befab4a63e2405b6d22985861be9,escape130,320,240,yuv420p,12.5,101,8.08,101,0.0,0.0,12.5,adpcm_ima_escape,22050,1,178164,8.08,0.0,0,0,1
eng,cam1/sub13bet,6962425,7aed473d586d2070f50a4b2e81728252baf4e4d26675d47b1977b08e0601e4ad,escape130,320,240,yuv420p,25.0,534,21.36,531,0.006,0.667,24.86,adpcm_ima_escape,22050,1,470988,21.36,0.0,0,0,1
eng,cam1/sub13gam,5021068,f8fc815acad3b178ba9e01fcd34cf22ccc14107d5ffcbbfe4db63702f0518d7a,escape130,320,240,yuv420p,25.0,395,15.8,395,0.0,0.0,25.0,adpcm_ima_escape,22050,1,348390,15.8,0.0,0,0,1
eng,cam1/sub13np1,1550709,6ed5f78cd07fffc3fd5be4bdfec3bb2aef3aafdc6930a760850f20f435ca6e24,escape130,320,240,yuv420p,25.0,553,22.12,130,0.765,0.501,5.88,adpcm_ima_escape,22050,1,487746,22.12,0.0,0,0,1
eng,cam1/sub13np2,1355267,b5139e93d1f37972fb31ed21a8d6f48bdd98e654c35fc73392b94c5e83ec89cf,escape130,320,240,yuv420p,25.0,405,16.2,130,0.679,0.502,8.02,adpcm_ima_escape,22050,1,357210,16.2,0.0,0,0,1
eng,cam1/sub14anp,1330000,3fec8a770b98a790fe2a27c39fec26095808d3ab04c66e877753ca48924d4b99,escape130,320,240,yuv420p,25.0,395,15.8,130,0.671,0.502,8.23,adpcm_ima_escape,22050,1,348390,15.8,0.0,0,0,1
eng,cam1/sub14bpl,2223106,06452946d264cefc8545c92d7d96ca6d061ed77aecb64145aef99126ad4b5af1,escape130,320,240,yuv420p,25.0,156,6.24,156,0.0,0.0,25.0,adpcm_ima_escape,22050,1,137592,6.24,0.0,0,0,1
eng,cam1/sub17fmv,19542171,ab7c8db01696583f5d4d682a95f2a99ae68eb3f92dcb967d5349612b05e88c65,escape130,320,240,yuv420p,25.0,1436,57.44,1399,0.026,0.541,24.36,adpcm_ima_escape,22050,1,1266552,57.44,0.0,0,0,1
eng,cam1/sub1_1,3771717,d0ef9a1af45a195cb740e9ff141a82833c32612a47e846908531cce3f80cf95b,escape130,320,240,yuv420p,12.5,224,17.92,201,0.103,0.522,11.22,adpcm_ima_escape,22050,1,395136,17.92,0.0,0,0,1
eng,cam1/sub1_1p,1653228,f45a64d1a6205d084011a80e348845bcad75844e51b56bcee0b01078413b918e,escape130,320,240,yuv420p,25.0,116,4.64,116,0.0,0.0,25.0,adpcm_ima_escape,22050,1,102312,4.64,0.0,0,0,1
eng,cam1/sub1_2,5596154,ee779595babc4ca059fd7bb95d06883925c6e34687bc8a5f135f959758dad097,escape130,320,240,yuv420p,12.5,316,25.28,286,0.095,0.5,11.31,adpcm_ima_escape,22050,1,557424,25.28,0.0,0,0,1
eng,cam1/sub1_3,3281948,84689b955f781aff12fb41f82b8d5bf65bc65c8b6936ebcde3121fcac57d974b,escape130,320,240,yuv420p,12.5,189,15.12,184,0.026,0.6,12.17,adpcm_ima_escape,22050,1,333396,15.12,0.0,0,0,1
eng,cam1/sub1_3p1,2179821,0557f3d4e8aacdfcc712aa7fdb64f23b3bc8ca07ef30252ddf98cd3e63089f61,escape130,320,240,yuv420p,25.0,153,6.12,153,0.0,0.0,25.0,adpcm_ima_escape,22050,1,134946,6.12,0.0,0,0,1
eng,cam1/sub1_4,2718726,4470a5c0bc2adfb9c0d4f58b25561d932fc7445c6778267d67d1641645d9ea79,escape130,320,240,yuv420p,12.5,164,13.12,150,0.085,0.571,11.43,adpcm_ima_escape,22050,1,289296,13.12,0.0,0,0,1
eng,cam1/sub1_4b,3056699,1d39f298b67283af9721452e47c792c3847ef48d914aa07884c9e5c6a0aaca50,escape130,320,240,yuv420p,12.5,147,11.76,101,0.313,0.5,8.59,adpcm_ima_escape,22050,1,259308,11.76,0.0,0,0,1
eng,cam1/sub1_4bn,5760999,9f87fc0e526084b070c6955f361ef412bda4fcf799ec4c9102c7533b2b38bcb7,escape130,320,240,yuv420p,25.0,397,15.88,127,0.68,0.504,8.0,adpcm_ima_escape,22050,1,350154,15.88,0.0,0,0,1
eng,cam1/sub1_4pl,2379679,5d3c94c5b42b1736484fd469d25f65162450f7c2eb8893f2c8dd51823bc95448,escape130,320,240,yuv420p,25.0,167,6.68,167,0.0,0.0,25.0,adpcm_ima_escape,22050,1,147294,6.68,0.0,0,0,1
eng,cam1/sub1_5,2722438,1e12ab68401835b56278fcbe36c715059fd11fd13d20f3657c1967aa9bc0a231,escape130,320,240,yuv420p,12.5,207,16.56,201,0.029,0.5,12.14,adpcm_ima_escape,22050,1,365148,16.56,0.0,0,0,1
eng,cam1/sub1_5pl,1600027,e5a7d4d0dc3713d8dfed7318ae029f963467d0b12b5d991e67df472fddcbfe3c,escape130,320,240,yuv420p,12.5,99,7.92,99,0.0,0.0,12.5,adpcm_ima_escape,22050,1,174636,7.92,0.0,0,0,1
eng,cam1/sub1_7,2412963,14f225e213ad426174fb7e8880b2aeea6849252789596b7404a3a509e119062f,escape130,320,240,yuv420p,12.5,131,10.48,101,0.229,0.5,9.64,adpcm_ima_escape,22050,1,231084,10.48,0.0,0,0,1
eng,cam1/sub1_7b,1663104,a3c97f367564aabc372362f8fb23f7786df09d790de6980f3d629249d9a2b164,escape130,320,240,yuv420p,12.5,107,8.56,101,0.056,0.5,11.8,adpcm_ima_escape,22050,1,188748,8.56,0.0,0,0,1
eng,cam1/sub1_7pl,8726176,a9afcb07835be3528d1714fb37f461abbd25b8d4398d74c5b6e8d5aa8f1661f3,escape130,320,240,yuv420p,25.0,612,24.48,612,0.0,0.0,25.0,adpcm_ima_escape,22050,1,539784,24.48,0.0,0,0,1
eng,cam2/c002,15450537,fba67a0c85b545331cd62dfa1f0f058fb2c66cbe8cdcfd0cad8a3ad0f53523a1,escape130,320,240,yuv420p,12.5,1064,85.12,944,0.113,0.508,11.09,adpcm_ima_escape,22050,1,1876896,85.12,0.0,0,0,1
eng,cam2/c2diif2,5342082,1ce7b8719b76c9a1683ef5fafd3c55e66c691ae3cec57734bae9abec0f2e1d3d,escape130,320,240,yuv420p,25.0,400,16.0,400,0.0,0.0,25.0,adpcm_ima_escape,22050,1,352800,16.0,0.0,0,0,1
eng,cam2/cam22fmv,15930170,864be23cd03b6babece8a95fb2c89e7dc9f10c174f669da8ac1033e74855d36d,escape130,320,240,yuv420p,12.5,944,75.52,804,0.148,0.521,10.65,adpcm_ima_escape,22050,1,1665216,75.52,0.0,0,0,1
eng,cam2/cam22pl1,5802297,30dfb3cb7c134b5964f77b852d705e1a3e1c38e94a9625d297d42287810a2edb,escape130,320,240,yuv420p,25.0,407,16.28,407,0.0,0.0,25.0,adpcm_ima_escape,22050,1,358974,16.28,0.0,0,0,1
eng,cam2/cam22pl2,1264739,7d80e9c4d0124a29797d4355fca97fc0aa50adb109f574fc3d469bfb35ec485a,escape130,320,240,yuv420p,12.5,78,6.24,78,0.0,0.0,12.5,adpcm_ima_escape,22050,1,137592,6.24,0.0,0,0,1
eng,cam2/cam22pl3,1711144,b85de6c9668d34a28f0c658aefb2f758b5ebf6fc727dd8612fb633da4d741845,escape130,320,240,yuv420p,25.0,120,4.8,120,0.0,0.0,25.0,adpcm_ima_escape,22050,1,105840,4.8,0.0,0,0,1
eng,cam2/cam26afm,12815100,08e94af6bb8b4d252469799ca063095af6701f7cbdcd868cb5bcce803237a9dd,escape130,320,240,yuv420p,12.5,505,40.4,488,0.034,0.529,12.08,adpcm_ima_escape,22050,1,890820,40.4,0.0,0,0,1
eng,cam2/cam26bfm,7661043,7b8e796bc6d9e1be8d506c231fb139eda3241e38e5e4eb55559cc429ad610f0d,escape130,320,240,yuv420p,25.0,613,24.52,527,0.14,0.535,21.49,adpcm_ima_escape,22050,1,540666,24.52,0.0,0,0,1
eng,cam2/cam26pl1,5022139,82926cf3bf3c01248da3d70f09b224c5153d9c06d594183cc34cced7319d64ae,escape130,320,240,yuv420p,25.0,354,14.16,354,0.0,0.0,25.0,adpcm_ima_escape,22050,1,312228,14.16,0.0,0,0,1
eng,cam2/cam26pl2,3065463,c4b2a569577293439424f81b0de006db4af6e0535f528d403513f629dda05ee8,escape130,320,240,yuv420p,25.0,216,8.64,216,0.0,0.0,25.0,adpcm_ima_escape,22050,1,190512,8.64,0.0,0,0,1
eng,cam2/cam27fmv,2894248,51c054ec0658313e7c3bcb10775adf4156e1fc884e0a1f4b079d41f140396d64,escape130,320,240,yuv420p,12.5,289,23.12,242,0.163,0.511,10.47,adpcm_ima_escape,22050,1,509796,23.12,0.0,0,0,1
eng,cam2/cam28apl,2918784,2301fa60373d51edbb910fdb3a9223e9acb716c03893db4662a5ae05ef570c8a,escape130,320,240,yuv420p,25.0,206,8.24,206,0.0,0.0,25.0,adpcm_ima_escape,22050,1,181692,8.24,0.0,0,0,1
eng,cam2/cam2_1,3484357,d9f7606ed1872299ff2686870674188c2bec18a5f54812e6910a16e1cbdd956e,escape130,320,240,yuv420p,12.5,185,14.8,151,0.184,0.5,10.2,adpcm_ima_escape,22050,1,326340,14.8,0.0,0,0,1
eng,cam2/cam2_2,3048030,1bd2d03df8396fcff5993797f74cb153696699d4ddc439eb4fc64cd2af77523c,escape130,320,240,yuv420p,12.5,225,18.0,225,0.0,0.0,12.5,adpcm_ima_escape,22050,1,396900,18.0,0.0,0,0,1
eng,cam2/cam2_2n,3255223,ae7089ccdf95fe44a20117102244c2e4c43c8e45efc1081d86e898102c1d8b24,escape130,320,240,yuv420p,25.0,660,26.4,553,0.162,0.523,20.95,adpcm_ima_escape,22050,1,582120,26.4,0.0,0,0,1
eng,cam2/cam2_2n2,1667287,e55597fa1559f4fb7de60c5710bba6d09ab776a2e03c85794c165bcc1f8229c3,escape130,320,240,yuv420p,25.0,240,9.6,209,0.129,0.516,21.77,adpcm_ima_escape,22050,1,211680,9.6,0.0,0,0,1
eng,cam2/cam2_5,1703926,da9f4d42452e539900068b92c3703bd190f4a4743b1d4efe53092c090401c88e,escape130,320,240,yuv420p,12.5,166,13.28,150,0.096,0.5,11.3,adpcm_ima_escape,22050,1,292824,13.28,0.0,0,0,1
eng,cam2/cam2_5pl,4476754,5c9760b602a52747047960091102db3a87206e0afbaa3728e68906dd3e495000,escape130,320,240,yuv420p,25.0,314,12.56,314,0.0,0.0,25.0,adpcm_ima_escape,22050,1,276948,12.56,0.0,0,0,1
eng,cam2/cam2_6a,1916628,22a7f587dc0ef66cc3ef4e89fa8edf7691eac107e42ce7020ac504c5fd09a981,escape130,320,240,yuv420p,12.5,174,13.92,151,0.132,0.522,10.85,adpcm_ima_escape,22050,1,306936,13.92,0.0,0,0,1
eng,cam2/cam2_6b,1623059,c18707105ac9724131074c005141df49f3876094ce7fdd02a36a9b8cd32c4635,escape130,320,240,yuv420p,12.5,167,13.36,149,0.108,0.5,11.15,adpcm_ima_escape,22050,1,294588,13.36,0.0,0,0,1
eng,cam2/cam2_7,2972569,98f39d8ca34b9f2bfc3f6366f4aa13d78339730b99a9d3506dd31c7c3149a86d,escape130,320,240,yuv420p,12.5,200,16.0,200,0.0,0.0,12.5,adpcm_ima_escape,22050,1,352800,16.0,0.0,0,0,1
eng,cam2/cam2_8a,2331641,b4acbd794c7637fadb3dc672a5827009ea05fe88ae622c404bcc9bdb45abd27d,escape130,320,240,yuv420p,12.5,184,14.72,152,0.174,0.531,10.33,adpcm_ima_escape,22050,1,324576,14.72,0.0,0,0,1
eng,cam2/cam2_di,2217045,3599e4935676293c1e4959dbc99cacda065dbe783c783d409bc8e6c8aee82abf,escape130,320,240,yuv420p,12.5,177,14.16,151,0.147,0.5,10.66,adpcm_ima_escape,22050,1,312228,14.16,0.0,0,0,1
eng,cam2/cam2_diib,4443320,4616aa16e6d3b46d5f280a9c85d48224c9673b2ce3ca9abe658b1e78688720d2,escape130,320,240,yuv420p,25.0,493,19.72,493,0.0,0.0,25.0,adpcm_ima_escape,22050,1,434826,19.72,0.0,0,0,1
eng,cam2/cam2acol,3520774,d275c15d1113e541aebe711f5a8aa4a88cfe6ed3d0fd13d8baf006dd17eb804f,escape130,320,240,yuv420p,12.5,201,16.08,201,0.0,0.0,12.5,adpcm_ima_escape,22050,1,354564,16.08,0.0,0,0,1
eng,cam2/cam2ap,2512971,0f88817f622d726d8a48e50b41c7efd8d00d44525191b3c618966fd2266ec8a4,escape130,320,240,yuv420p,25.0,177,7.08,177,0.0,0.0,25.0,adpcm_ima_escape,22050,1,156114,7.08,0.0,0,0,1
eng,cam2/cam2ap1,2567131,0f23313c8be9f1331f3f32f7bd2781264a1b76720d3a3f3e0417b7e74d958a73,escape130,320,240,yuv420p,25.0,181,7.24,181,0.0,0.0,25.0,adpcm_ima_escape,22050,1,159642,7.24,0.0,0,0,1
eng,cam2/cam2b,1701476,5bc9855173f40d18771e4b173cbcf238b55870b8c742014c1d9ee03f6d873d59,escape130,320,240,yuv420p,12.5,183,14.64,151,0.175,0.5,10.31,adpcm_ima_escape,22050,1,322812,14.64,0.0,0,0,1
eng,cam2/cam2bcol,5593490,47f281e70e56def2103dabc8a762f4d2afc73996b65c0f38abd54668b5d6c855,escape130,320,240,yuv420p,12.5,313,25.04,313,0.0,0.0,12.5,adpcm_ima_escape,22050,1,552132,25.04,0.0,0,0,1
eng,cam2/cam2bpl,2918784,67cdeb0ae296b782adc9fdb23014960c51f119521a7e3ed7aee253a401c38f5e,escape130,320,240,yuv420p,25.0,206,8.24,206,0.0,0.0,25.0,adpcm_ima_escape,22050,1,181692,8.24,0.0,0,0,1
eng,cam2/cam2ca,3124410,d2ad3e2e3ad9df07315a22074028316e921fb5b52ce41007455984a8ce10d9bd,escape130,320,240,yuv420p,12.5,174,13.92,102,0.414,0.5,7.33,adpcm_ima_escape,22050,1,306936,13.92,0.0,0,0,1
eng,cam2/cam2capl,2879504,59405eec8241c39e71aee34218ea457cf104fd329770c962748b3411191e5330,escape130,320,240,yuv420p,25.0,203,8.12,203,0.0,0.0,25.0,adpcm_ima_escape,22050,1,179046,8.12,0.0,0,0,1
eng,cam2/cam2cb,1580717,1012e8597a9f68288632a00ec4c14bdf6e7168808cce14a88e7da342d71fc199,escape130,320,240,yuv420p,12.5,120,9.6,120,0.0,0.0,12.5,adpcm_ima_escape,22050,1,211680,9.6,0.0,0,0,1
eng,cam2/cam2cbpl,3294440,152e9a97e8e7df64609097ffcdabe6e560a37cf14bed380c5ba90026f3dd00f4,escape130,320,240,yuv420p,25.0,231,9.24,231,0.0,0.0,25.0,adpcm_ima_escape,22050,1,203742,9.24,0.0,0,0,1
eng,cam2/cam2dico,3520774,ffea9dd8881eda0ee5ab552e9fb12897eb7193912a3f156c0c23e89ebcc5a83b,escape130,320,240,yuv420p,12.5,201,16.08,201,0.0,0.0,12.5,adpcm_ima_escape,22050,1,354564,16.08,0.0,0,0,1
eng,cam2/cam2diib,2848037,f992f99500512e233c16588a04555c72acb63a7d9b28f571367536f51e6981b4,escape130,320,240,yuv420p,12.5,247,19.76,247,0.0,0.0,12.5,adpcm_ima_escape,22050,1,435708,19.76,0.0,0,0,1
eng,cam2/cam2diif,1794598,15d0286fc94bfe8e558e6b33da34fbda660410e9056b86e76f88b52de70a1d28,escape130,320,240,yuv420p,12.5,164,13.12,95,0.421,0.507,7.24,adpcm_ima_escape,22050,1,289296,13.12,0.0,0,0,1
eng,cam2/cam2diin,3226001,4c98422c7fd804aed1592b6092adb5e95f6ba25859857f60f611a4898bc6b4fa,escape130,320,240,yuv420p,25.0,552,22.08,484,0.123,0.5,21.92,adpcm_ima_escape,22050,1,486864,22.08,0.0,0,0,1
eng,cam2/cam2diip,2369626,1a241a0aa7eb68a86148fb743af5bdc4d086217cfa53ae4ac5e5e74b1a3369c8,escape130,320,240,yuv420p,25.0,167,6.68,167,0.0,0.0,25.0,adpcm_ima_escape,22050,1,147294,6.68,0.0,0,0,1
eng,cam2/cam2dipl,1473039,9242e1d3c98aac89cb49c6f21dd5dcbc1e1a5e58d84f05070bad8690fd108cc9,escape130,320,240,yuv420p,25.0,104,4.16,104,0.0,0.0,25.0,adpcm_ima_escape,22050,1,91728,4.16,0.0,0,0,1
eng,cam2/cam2int1,26229193,9b6c2916f256653607755dfa43686e8d95732e4eb61330e0ebd133f1dfef9eb8,escape130,320,240,yuv420p,25.0,1468,58.72,1238,0.157,0.504,21.08,adpcm_ima_escape,22050,1,1294776,58.72,0.0,0,0,1
eng,cam2/cam2int2,12921247,99b0ee0b9325069676b917bb52fb7db4197f8a1592cfb92822b45f2ddbe4f836,escape130,320,240,yuv420p,25.0,1209,48.36,1166,0.036,0.628,24.11,adpcm_ima_escape,22050,1,1066338,48.36,0.0,0,0,1
eng,cam2/cam2inta,11695169,98527e242912552d6954d0680550d091142749071c8f6f15f38a96926665eb22,escape130,320,240,yuv420p,25.0,646,25.84,399,0.382,0.502,15.44,adpcm_ima_escape,22050,1,569772,25.84,0.0,0,0,1
eng,cam2/cam2intb,1893632,10786c4e281dbcae479f9005048329fbf63a8e9bef6ead3429d1057772498020,escape130,320,240,yuv420p,12.5,140,11.2,140,0.0,0.0,12.5,adpcm_ima_escape,22050,1,246960,11.2,0.0,0,0,1
eng,cam2/cam2out,6431954,f3fb479d699e8f5e810798f8e79b8c729f4592376a29d1e438990e2bc231d3fc,escape130,320,240,yuv420p,12.5,341,27.28,329,0.035,0.5,12.06,adpcm_ima_escape,22050,1,601524,27.28,0.0,0,0,1
eng,cam3/c003,15079522,2774e5d51571200c3ccdea8fcb52cc265fb5292b528baf28edc3a855e9b39a95,escape130,320,240,yuv420p,12.5,807,64.56,804,0.004,1.0,12.45,adpcm_ima_escape,22050,1,1423548,64.56,0.0,0,0,1
eng,cam3/c3_d1_a,4807572,dfbc8956b8e8d598d4b610cb427bcdee18e38222601d2b6a97c2d5f3df0f6906,escape130,320,240,yuv420p,25.0,269,10.76,269,0.0,0.0,25.0,adpcm_ima_escape,22050,1,237258,10.76,0.0,0,0,1
eng,cam3/c3_d1_b,5483002,12237386ae83761ffcf6c65c7d3a6dda6da5f201a24de37f9e018fa0d44689a8,escape130,320,240,yuv420p,25.0,174,6.96,100,0.425,0.5,14.37,adpcm_ima_escape,22050,1,153468,6.96,0.0,0,0,1
eng,cam3/c3ad1pl1,5371137,ba067dbde56887bd70bce3801caf7635a97c92ddef37a79b572dea89de430df0,escape130,320,240,yuv420p,25.0,216,8.64,216,0.0,0.0,25.0,adpcm_ima_escape,22050,1,190512,8.64,0.0,0,0,1
eng,cam3/c3ad1pl2,6340003,e1340885c94871c929012fcdbc9aa4f6eadea1136a94055ce1ec5736b9bf6346,escape130,320,240,yuv420p,25.0,250,10.0,250,0.0,0.0,25.0,adpcm_ima_escape,22050,1,220500,10.0,0.0,0,0,1
eng,cam3/c3ad1pl3,968365,9521a3c1a1b050eec8fcd0ed46cb3414a3f30e5905b970f63a07b99d226a025a,escape130,320,240,yuv420p,25.0,68,2.72,68,0.0,0.0,25.0,adpcm_ima_escape,22050,1,59976,2.72,0.0,0,0,1
eng,cam3/c3ad2_09,1446557,8ab92ffc9496aff968d77b79e7667d030c5c9b1d4749e856606bcc705546cea6,escape130,320,240,yuv420p,25.0,445,17.8,362,0.187,0.518,20.34,adpcm_ima_escape,22050,1,392490,17.8,0.0,0,0,1
eng,cam3/c3ad2_12,626669,45298e4f6d9b49a9189807531cbd040b51cfb36d44271962b4e51bd80913ca8a,escape130,320,240,yuv420p,25.0,261,10.44,54,0.793,0.512,5.17,adpcm_ima_escape,22050,1,230202,10.44,0.0,0,0,1
eng,cam3/c3ad2_14,740139,0aa38635cb4c6b05371bc617e3091b667e7cbcd79be2dff844861194b8ed2f0f,escape130,320,240,yuv420p,25.0,363,14.52,54,0.851,0.508,3.72,adpcm_ima_escape,22050,1,320166,14.52,0.0,0,0,1
eng,cam3/c3ad2_16,9075051,5b6fa021189753df757e008f4b82cf0ddffd14dd4394ab1159456d3c9693010c,escape130,320,240,yuv420p,25.0,762,30.48,621,0.185,0.525,20.37,adpcm_ima_escape,22050,1,672084,30.48,0.0,0,0,1
eng,cam3/c3ad2_17,9300944,51b75f727b3d0fd84aef0b8c14447697a1bebb3e10884dbe18c16a2bffb8b03e,escape130,320,240,yuv420p,25.0,565,22.6,482,0.147,0.518,21.33,adpcm_ima_escape,22050,1,498330,22.6,0.0,0,0,1
eng,cam3/c3ad2n2,2882438,3161e3c1776c6698fadd7d60d0005b5de342f8f25273c4deb1309c4768361b2f,escape130,320,240,yuv420p,25.0,217,8.68,127,0.415,0.511,14.63,adpcm_ima_escape,22050,1,191394,8.68,0.0,0,0,1
eng,cam3/c3ad2pl1,7151691,fb59c7dc574c8dd9983835f878d99410701caa4f0580cc4cc0a02564ea190ac8,escape130,320,240,yuv420p,25.0,350,14.0,350,0.0,0.0,25.0,adpcm_ima_escape,22050,1,308700,14.0,0.0,0,0,1
eng,cam3/c3ad2pl2,5520974,39895b6e1a8a5051a5bf190a1cf5f807edb0d2e03e478a2445711bc18857e73b,escape130,320,240,yuv420p,25.0,373,14.92,351,0.059,0.5,23.53,adpcm_ima_escape,22050,1,328986,14.92,0.0,0,0,1
eng,cam3/c3ad2pl3,3134405,9c04d0bb4b176c556598311977a39f66c247d6cecfbbfdc610342239eda5d6c5,escape130,320,240,yuv420p,25.0,192,7.68,139,0.276,0.509,18.1,adpcm_ima_escape,22050,2,169344,7.68,0.0,0,0,1
eng,cam3/c3ad2pl4,5515322,c4727220d7985097b693c31dba50ba1d7e0543bf18b224c95e2607423ce99b42,escape130,320,240,yuv420p,25.0,285,11.4,284,0.004,1.0,24.91,adpcm_ima_escape,22050,1,251370,11.4,0.0,0,0,1
eng,cam3/c3c,2582358,59c673bacf51088c8d726b099169274b485fbbf3f8d9db8159d96a07820948e1,escape130,320,240,yuv420p,25.0,261,10.44,205,0.215,0.679,19.64,adpcm_ima_escape,22050,1,230202,10.44,0.0,0,0,1
eng,cam3/cam31bpl,3579183,ba68ad4f9386b30a262170c06e9fa1243757637b92798f6b9648487bda3d3f8d,escape130,320,240,yuv420p,25.0,251,10.04,251,0.0,0.0,25.0,adpcm_ima_escape,22050,1,221382,10.04,0.0,0,0,1
eng,cam3/cam31g2,3358247,a033bf6ef12308e33ce3fe44f76c005f4924e7d73a9ac121c645b18b40d17d4e,escape130,320,240,yuv420p,25.0,286,11.44,286,0.0,0.0,25.0,adpcm_ima_escape,22050,1,252252,11.44,0.0,0,0,1
eng,cam3/cam31gam,4743705,cd8cde4c570cdca4928b71e9ccbf61218ad4ebbd5d49eda7cb94cd3086a9e1ab,escape130,320,240,yuv420p,25.0,411,16.44,411,0.0,0.0,25.0,adpcm_ima_escape,22050,1,362502,16.44,0.0,0,0,1
eng,cam3/cam32a2,3137128,c1b8b8eb2bc8449d0d18a678e128b71729de2c5fa0d0159ceba887c3ac6f235b,escape130,320,240,yuv420p,12.5,149,11.92,149,0.0,0.0,12.5,adpcm_ima_escape,22050,1,262836,11.92,0.0,0,0,1
eng,cam3/cam32alp,6075894,cc0e40f17dea138be477d2c494e829e4d267b59f4326d059e5dc5c5933d4ed23,escape130,320,240,yuv420p,25.0,472,18.88,452,0.042,0.5,23.94,adpcm_ima_escape,22050,1,416304,18.88,0.0,0,0,1
eng,cam3/cam32pl,8138860,58ab0a0263c5678bec7fa845be0d3942ca666a6e8722ee01f9edfb264b64f5b2,escape130,320,240,yuv420p,25.0,571,22.84,571,0.0,0.0,25.0,adpcm_ima_escape,22050,1,503622,22.84,0.0,0,0,1
eng,cam3/cam32pl2,4046235,2921c825faf3970b81a1ff82f3f03e50d294a7371552148ed413b92ebd0b268d,escape130,320,240,yuv420p,25.0,215,8.6,201,0.065,0.5,23.37,adpcm_ima_escape,22050,1,189630,8.6,0.0,0,0,1
eng,cam3/cam32pl3,2840224,f6dfdf4d0ed1698bafa1f080bd939cb73a589f513518c0292335a344e0eb0f5c,escape130,320,240,yuv420p,25.0,200,8.0,200,0.0,0.0,25.0,adpcm_ima_escape,22050,1,176400,8.0,0.0,0,0,1
eng,cam3/cam34fmv,4560239,e60dd74fde9d74ae2ab2118afe5f9711d1e8cb5722c72d25ee56f932a730437e,escape130,320,240,yuv420p,25.0,301,12.04,278,0.076,0.783,23.09,adpcm_ima_escape,22050,1,265482,12.04,0.0,0,0,1
eng,cam3/cam34mu1,3199367,bf64356bded64d9a932040aac7c5d99498e638d8a39a9dec8a0978e53f333c0f,escape130,320,240,yuv420p,25.0,223,8.92,176,0.211,0.511,19.73,adpcm_ima_escape,22050,1,196686,8.92,0.0,0,0,1
eng,cam3/cam34mu2,4259454,cbda2bf7a215fe7eccc590f214b7c75be46f953ec761bcc4afe0bb5121a03f6b,escape130,320,240,yuv420p,25.0,252,10.08,111,0.56,0.504,11.01,adpcm_ima_escape,22050,1,222264,10.08,0.0,0,0,1
eng,cam3/cam3_1,1751611,9de606f9fcf99cc219ab63abe2d58da8b05da4397a19c2ad882674be4e5bd992,escape130,320,240,yuv420p,12.5,150,12.0,150,0.0,0.0,12.5,adpcm_ima_escape,22050,1,264600,12.0,0.0,0,0,1
eng,cam3/cam3_1b,1619229,bfa98b9824d17bc9bff07f9f08b225ac024959f2d18d688545f8511bed49be19,escape130,320,240,yuv420p,12.5,127,10.16,127,0.0,0.0,12.5,adpcm_ima_escape,22050,1,224028,10.16,0.0,0,0,1
eng,cam3/cam3_1bn,3894086,20786cdc1991db615614bacbfa03abdfd46c5e4192b84e20268e7e784c9fe2fc,escape130,320,240,yuv420p,25.0,753,30.12,727,0.035,0.577,24.14,adpcm_ima_escape,22050,1,664146,30.12,0.0,0,0,1
eng,cam3/cam3_2b,3042236,dbedffda2637c7f2d4086b0c8ad00b1673ca8e15155c68033df734464d0c6dff,escape130,320,240,yuv420p,12.5,162,12.96,126,0.222,0.5,9.72,adpcm_ima_escape,22050,1,285768,12.96,0.0,0,0,1
eng,cam3/cam3_4a,1855240,f8e22c98efc85949e894cc5ae954511538d3c76e698b8ff9357540b50980d0d1,escape130,320,240,yuv420p,12.5,159,12.72,118,0.258,0.512,9.28,adpcm_ima_escape,22050,1,280476,12.72,0.0,0,0,1
eng,cam3/cam3_4b,2023670,4b13d28b842e72fa4fe3b86436a6da8ea2b9f121ed72d8aea38e12614389708e,escape130,320,240,yuv420p,12.5,188,15.04,176,0.064,0.5,11.7,adpcm_ima_escape,22050,1,331632,15.04,0.0,0,0,1
eng,cam3/cam3_bn,6629670,c4cc9db6f3de695575201310214607111cd71f5df1cd78be5639feda6b51ce8c,escape130,320,240,yuv420p,25.0,801,32.04,794,0.009,0.571,24.78,adpcm_ima_escape,22050,1,706482,32.04,0.0,0,0,1
eng,cam3/cam3_cb,3507884,6ccc2d1470a17d422c30d4f61dc305f1071ee1d3b5d6d6ff4ada25c6a7baef80,escape130,320,240,yuv420p,12.5,174,13.92,150,0.138,0.542,10.78,adpcm_ima_escape,22050,1,306936,13.92,0.0,0,0,1
eng,cam3/cam3_cg,5881275,f7757f359a7dddce0c2d0c621f0f9e8b083e5462b2110bf3820328665c9aea02,escape130,320,240,yuv420p,25.0,430,17.2,420,0.023,0.5,24.42,adpcm_ima_escape,22050,1,379260,17.2,0.0,0,0,1
eng,cam3/cam3_cn,10964234,dce127b77e747d789f2ffb259e706d1c8e766cb2f39d8bbfba57474a63973c77,escape130,320,240,yuv420p,25.0,919,36.76,912,0.008,0.714,24.81,adpcm_ima_escape,22050,1,810558,36.76,0.0,0,0,1
eng,cam3/cam3ab,4234034,aec638e309c6796fbc05ec8500f8b12018dea08b0c8a6f90dabc2c02025b506d,escape130,320,240,yuv420p,12.5,166,13.28,166,0.0,0.0,12.5,adpcm_ima_escape,22050,1,292824,13.28,0.0,0,0,1
eng,cam3/cam3aba,3963172,124161c80830707025574878cf3e3094cf91f0a8197df20958c65f8cf6e4071f,escape130,320,240,yuv420p,12.5,298,23.84,298,0.0,0.0,12.5,adpcm_ima_escape,22050,1,525672,23.84,0.0,0,0,1
eng,cam3/cam3abf,9405279,de351d5dc78dc002e57fa851fc4efa375fba4959533bad8d610d66781178b846,escape130,320,240,yuv420p,12.5,970,77.6,966,0.004,0.5,12.45,adpcm_ima_escape,22050,1,1711080,77.6,0.0,0,0,1
eng,cam3/cam3abpl,4110016,0d616f70f736e3404164758091427929dfe4a67601d5363da682b8966fbca924,escape130,320,240,yuv420p,25.0,202,8.08,202,0.0,0.0,25.0,adpcm_ima_escape,22050,1,178164,8.08,0.0,0,0,1
eng,cam3/cam3ad1b,7974864,1108641ccd660cbf03b6045804b559d1cc6b02f8c8c4299ddd833c40a99fea35,escape130,320,240,yuv420p,25.0,323,12.92,250,0.226,0.507,19.35,adpcm_ima_escape,22050,1,284886,12.92,0.0,0,0,1
eng,cam3/cam3ad2n,5851087,d670f2a9dcfe9713d19f81cfb4101dd0b160b24f8493a3b9293661f84440e081,escape130,320,240,yuv420p,25.0,501,20.04,493,0.016,0.75,24.6,adpcm_ima_escape,22050,1,441882,20.04,0.0,0,0,1
eng,cam3/cam3b,1054463,8e77bcfec842ce5302e6e43a373765b496527b90f52bb52790a5eca715693a74,escape130,320,240,yuv420p,12.5,100,8.0,100,0.0,0.0,12.5,adpcm_ima_escape,22050,1,176400,8.0,0.0,0,0,1
eng,cam3/cam3bg,9904019,14ecf5be71df1a1216809e464f9aa2ecac602bf797b4ec4db31401c826ee5cf9,escape130,320,240,yuv420p,25.0,430,17.2,404,0.06,0.5,23.49,adpcm_ima_escape,22050,1,379260,17.2,0.0,0,0,1
eng,cam3/cam3bpl,3971542,23c3486dcc99d2a3b6fc5dc820091d7ab677a0d7d808fd4029bc4b1e40873042,escape130,320,240,yuv420p,25.0,302,12.08,250,0.172,0.5,20.7,adpcm_ima_escape,22050,1,266364,12.08,0.0,0,0,1
eng,cam3/cam3cbet,5292560,88c64f6a56d9ee57943f0e3c6ce342dfa71d19f0885203662cfe914fb0a541a9,escape130,320,240,yuv420p,25.0,229,9.16,223,0.026,0.5,24.34,adpcm_ima_escape,22050,1,201978,9.16,0.0,0,0,1
eng,cam3/cam3cpl1,2926784,8280f1606639703f8787eb601f545b720301a5d0f8df19a63b7e9f791b0f7f68,escape130,320,240,yuv420p,25.0,175,7.0,175,0.0,0.0,25.0,adpcm_ima_escape,22050,1,154350,7.0,0.0,0,0,1
eng,cam3/cam3cpl2,1132525,4314ed2f3b57dea0d43c56ff7e802e8782fdb7c838623a30f07ab5756697a7d7,escape130,320,240,yuv420p,25.0,77,3.08,76,0.013,1.0,24.68,adpcm_ima_escape,22050,1,67914,3.08,0.0,0,0,1
eng,cam3/cam3cpl3,1570027,af669431ec7337d0cce1b2a04dc3d718d67b4bb78d387c31b1dfa891bc100876,escape130,320,240,yuv420p,25.0,103,4.12,76,0.262,0.519,18.45,adpcm_ima_escape,22050,1,90846,4.12,0.0,0,0,1
eng,cam3/cam3int,7085393,7fc29b6f0f5497c56d1b90b9cf1209bd19761b78da0f40ffbada58feb5d3815a,escape130,320,240,yuv420p,12.5,391,31.28,389,0.005,1.0,12.44,adpcm_ima_escape,22050,1,689724,31.28,0.0,0,0,1
eng,cam3/cam3intb,3715822,de86cab026d19e4145cec7d50a46fca6d4223be3771b22d6287d9b87988036de,escape130,320,240,yuv420p,12.5,211,16.88,172,0.185,0.513,10.19,adpcm_ima_escape,22050,1,372204,16.88,0.0,0,0,1
eng,cam3/cam3intp,5194923,1a3b9c05c10f3defe4bf4e57dfe97bfeaff02732dd8e86faf5fca1cae2b886e8,escape130,320,240,yuv420p,25.0,366,14.64,366,0.0,0.0,25.0,adpcm_ima_escape,22050,1,322812,14.64,0.0,0,0,1
eng,cam_start,1121212,9f5e54767c31b502a120518266be267e9f3f54279836e9345127fd8f0313c581,escape130,320,240,yuv420p,25.0,100,4.0,100,0.0,0.0,25.0,,,,,,,0,0,0
eng,devastation,30996655,dacc4e37703008aaddab2818e1b8d20455f3fb82b08b057aad5cf73fcaec00d4,escape130,320,240,yuv420p,25.0,2933,117.32,2441,0.168,0.514,20.81,adpcm_ima_escape,22050,1,2586906,117.32,0.0,0,0,1
eng,eidos-logo,2826285,7dbbf29a55a99481b0a16e4954a481ada5bfe0c818756a1e0e72285f6ef78686,escape130,320,240,yuv420p,25.0,378,15.12,220,0.418,0.532,14.55,pcm_s16le,22050,1,333396,15.12,0.0,0,0,1
eng,end,938505,0ba06b07b01ee0d0452156c878adddd2003fc732dd4c29b5c3d335dd6e9be698,escape130,320,240,yuv420p,25.0,57,2.28,29,0.491,0.536,12.72,adpcm_ima_escape,22050,1,50274,2.28,0.0,0,0,1
eng,factory,18585466,95a3e1bb8a86b664e7a04fb422ddaf32fcf0002fa3588c7a8f9fffb8776ece11,escape130,320,240,yuv420p,25.0,1060,42.4,1012,0.045,0.542,23.87,pcm_s16le,22050,2,934920,42.4,0.0,0,0,1
eng,fastplay,2279353,21bdfd9b44a05a08f444076c85acb49a99b068d994de41482c583464a1697295,escape130,320,240,yuv420p,25.0,204,8.16,200,0.02,0.5,24.51,adpcm_ima_escape,22050,1,179928,8.16,0.0,0,0,1
eng,incomint,1169567,2769d1b3844f910540edc16d2548c27158612d84ff1cc63fa43c66f4bf529ac0,escape130,320,240,yuv420p,25.0,82,3.28,82,0.0,0.0,25.0,adpcm_ima_escape,22050,1,72324,3.28,0.0,0,0,1
eng,incomtns,1139081,30ca822a69f39c45b8a98078f8a7205202fd0f8e8be6ebd91d8e47b82beb3879,escape130,320,240,yuv420p,25.0,80,3.2,80,0.0,0.0,25.0,adpcm_ima_escape,22050,1,70560,3.2,0.0,0,0,1
eng,inflight,1472796,cf3c31073b642a355602205cf59a085f6c58a46e762e17d6f238a55d5f42ec70,escape130,320,240,yuv420p,25.0,151,6.04,151,0.0,0.0,25.0,adpcm_ima_escape,22050,2,133182,6.04,0.0,0,0,1
eng,nexend,731533,edfc29df176c2ebfcd60c9f48ebc138604d53837b1c92d7967a65cda6fc7d7f7,escape130,320,240,yuv420p,25.0,25,1.0,24,0.04,1.0,24.0,,,,,,,0,0,0
eng,npend,767814,a945a2557afd307b1dd56c3dfebd370f5ee80237056b600eee53a1e703521de6,escape130,320,240,yuv420p,25.0,25,1.0,24,0.04,1.0,24.0,,,,,,,0,0,0
eng,npstart,993288,6757f5ac928c2c056c27aa7063465321fc6280a623a283947bce3169919ab025,escape130,320,240,yuv420p,25.0,201,8.04,130,0.353,0.521,16.17,,,,,,,0,0,0
eng,outro,12554807,c746200698a8cfd938a141643849d2315d733982f376499d5bb9b1d02eb49d0d,escape130,320,240,yuv420p,12.5,680,54.4,617,0.093,0.54,11.34,adpcm_ima_escape,22050,1,1199520,54.4,0.0,0,0,1
eng,player,691583,b3880164596461f4125c23f03739df2de8f9ad26b75cb262b0e14faf3c092e70,escape130,320,240,yuv420p,25.0,50,2.0,50,0.0,0.0,25.0,,,,,,,0,0,0
eng,plyr4sec,1413050,cc529bf837fb61c3f291e3e212e95a9820a9eec83320ebdc5f0192750ff61b84,escape130,320,240,yuv420p,25.0,99,3.96,99,0.0,0.0,25.0,adpcm_ima_escape,22050,1,87318,3.96,0.0,0,0,1
eng,prjupdat,1088422,c517be30423f5448bcbd2db4fe95c884791d93efe08ddb912a042bd7ce4037c8,escape130,320,240,yuv420p,25.0,76,3.04,76,0.0,0.0,25.0,adpcm_ima_escape,22050,1,67032,3.04,0.0,0,0,1
eng,pumpkin,2658350,b9f495a8140dfa9518804ffa12a062b1ea84978e7539a99636b22d56e52e39b2,escape130,320,240,yuv420p,25.0,191,7.64,175,0.084,0.562,22.91,pcm_s16le,44100,2,336924,7.64,0.0,0,0,1
eng,res_com,1086316,42a7a65fae65d6dcce35a5ddac40c6c6caa208d78366a6021fa11df850f43593,escape130,192,168,yuv420p,25.0,178,7.12,101,0.433,0.519,14.19,,,,,,,0,0,0
eng,res_droid,758784,d2e576e33cf4bede3bc4e8fb52754f9eca50f446d7b1daa4370a3a5b15484c29,escape130,192,168,yuv420p,25.0,178,7.12,100,0.438,0.513,14.04,,,,,,,0,0,0
eng,res_pow,754040,91306f05a7af5ec0245469484be54f0de950007b34c418b15888b9fa50efd872,escape130,192,168,yuv420p,25.0,178,7.12,99,0.444,0.506,13.9,,,,,,,0,0,0
eng,res_struttech,574513,61ab7809991567359a676cde41eaae1cafbecc77a869cb4ba0d6985a23ba6e0d,escape130,192,168,yuv420p,25.0,178,7.12,101,0.433,0.519,14.19,,,,,,,0,0,0
eng,res_systech,855778,2519233b96a94e2347bc87da4319059839ab807f9e12ffc529c21ce3f4435236,escape130,192,168,yuv420p,25.0,178,7.12,100,0.438,0.513,14.04,,,,,,,0,0,0
eng,res_weapons,670314,b736ff19ad215fd3e2780a63e59238c0eccf2f99a9eb7a1637a40afac6aff728,escape130,192,168,yuv420p,25.0,157,6.28,100,0.363,1.0,15.92,,,,,,,0,0,0
eng,titles,6279150,f790c4e8d34ec5ec81a0e2d6484ee3c4708da5ded50de6e375c8e0446a5a9704,escape130,320,240,yuv420p,25.0,510,20.4,385,0.245,0.544,18.87,pcm_s16le,22050,2,449820,20.4,0.0,0,0,1
eng,transport,1768617,fbb5e8b144c40fba106a45438a13d00533191bfa25ebd1b030bf2c5f87d64b52,escape130,320,240,yuv420p,25.0,251,10.04,200,0.203,0.51,19.92,adpcm_ima_escape,22050,1,221382,10.04,0.0,0,0,1
eng,victory,602172,73d7d3f2f068c9d2769f78ea97ec8bd99865e82e7c1f821703fc22984c097fbf,escape130,320,240,yuv420p,25.0,49,1.96,34,0.306,0.533,17.35,adpcm_ima_escape,22050,1,43218,1.96,0.0,0,0,1
fre,brfcom,473860,0382701b4b25b2488fe08279dea64ba4313b14baa78fb209fe5f985db33e654f,escape130,320,240,yuv420p,12.5,29,2.32,29,0.0,0.0,12.5,adpcm_ima_escape,22050,1,51156,2.32,0.0,0,0,1
fre,brfcom4s,617647,327af8205ff179b1c3f73960d62cfdcf37e225c8052c6176bebae585c504a40b,escape130,320,240,yuv420p,12.5,38,3.04,38,0.0,0.0,12.5,adpcm_ima_escape,22050,1,67032,3.04,0.0,0,0,1
fre,cam1/c001,11351930,0c8a6ef24022d347f23a24fc7e0cbe9fe6c6922bb4a632cdadc19f207c9b7b39,escape130,320,240,yuv420p,12.5,884,70.72,879,0.006,0.6,12.43,adpcm_ima_escape,22050,1,1559376,70.72,0.0,0,0,1
fre,cam1/c001end,9150613,a8b9bc4f2bcde48281b1d7b3b1a0222abee6ffef002b0eaf388b0f269b8e523a,escape130,320,240,yuv420p,12.5,438,35.04,437,0.002,1.0,12.47,adpcm_ima_escape,22050,1,772632,35.04,0.0,0,0,1
fre,cam1/c001pl,787621,afe24ab189e33a26c7579295cd9a99ad8c43b201c2357c4a1bc4c25f5a73a1f3,escape130,320,240,yuv420p,12.5,51,4.08,51,0.0,0.0,12.5,adpcm_ima_escape,22050,1,89964,4.08,0.0,0,0,1
fre,cam1/cam1,2569866,e611de2206afcfb6fc3718d79ab0aa308c52a3c0ccdea9f21d6aa8f4635b78a9,escape130,320,240,yuv420p,12.5,229,18.32,201,0.122,0.5,10.97,adpcm_ima_escape,22050,1,403956,18.32,0.0,0,0,1
fre,cam1/cam1ac,1553243,62f53327d0fd124a149c62eac6518542ac780a2b9aa9d254f0fc3b9a1d83e18d,escape130,320,240,yuv420p,12.5,135,10.8,135,0.0,0.0,12.5,adpcm_ima_escape,22050,1,238140,10.8,0.0,0,0,1
fre,cam1/cam1acp,1697206,e3eeefb275f53b5e57ce3f8335f38e047d5970305d52f82ec9949a28d27be096,escape130,320,240,yuv420p,12.5,110,8.8,110,0.0,0.0,12.5,adpcm_ima_escape,22050,1,194040,8.8,0.0,0,0,1
fre,cam1/cam1ascv,1231084,08799f0519fc77a4a936de95dc4235d253faf1fa85177785bcdc1df6924b9ef4,escape130,320,240,yuv420p,12.5,93,7.44,93,0.0,0.0,12.5,adpcm_ima_escape,22050,1,164052,7.44,0.0,0,0,1
fre,cam1/cam1b,2947951,1151c4bfc64a311131b1e9c65bdf3f4d266263966299d66fc5eb6c6d7b9b7458,escape130,320,240,yuv420p,12.5,232,18.56,232,0.0,0.0,12.5,adpcm_ima_escape,22050,1,409248,18.56,0.0,0,0,1
fre,cam1/cam1b_p,1680922,f4c27a0af338396d67c0dc590370748755e8a8b2de8ddea0fcf34c7af3df5923,escape130,320,240,yuv420p,12.5,109,8.72,109,0.0,0.0,12.5,adpcm_ima_escape,22050,1,192276,8.72,0.0,0,0,1
fre,cam1/cam1bpow,1127742,9943512b498505c6854138d6b8dade498305a439830029655e0c9917f7b58aa1,escape130,320,240,yuv420p,12.5,168,13.44,159,0.054,0.556,11.83,adpcm_ima_escape,22050,1,296352,13.44,0.0,0,0,1
fre,cam1/cam1ca,3555677,ef68cf7794221fe3a68dbbe331e30c01a5a5b871caf62fd8169efc6445856f7d,escape130,320,240,yuv420p,12.5,219,17.52,219,0.0,0.0,12.5,adpcm_ima_escape,22050,1,386316,17.52,0.0,0,0,1
fre,cam1/cam1capl,2283390,ca464bce0e825d77d02b2dc747d9cc289072e897894240f43868020dd81e0476,escape130,320,240,yuv420p,12.5,148,11.84,148,0.0,0.0,12.5,adpcm_ima_escape,22050,1,261072,11.84,0.0,0,0,1
fre,cam1/cam1ccf,1949911,ffe883bcb8e5be3dda79931ed8e774b03352c6d88e9024573d2e34e9424a0e78,escape130,320,240,yuv420p,12.5,227,18.16,201,0.115,0.5,11.07,adpcm_ima_escape,22050,1,400428,18.16,0.0,0,0,1
fre,cam1/cam1ccom,1659921,76ffe0ff9f27045a4f9121b1c7474ba5eeda88603e429d2abab3e47c122244a8,escape130,320,240,yuv420p,12.5,233,18.64,214,0.082,0.526,11.48,adpcm_ima_escape,22050,1,411012,18.64,0.0,0,0,1
fre,cam1/cam1clz,2307605,7baae61cd70c74b08cdd619dec98f98da1d0e6862f57f4f42fead86d19444fd3,escape130,320,240,yuv420p,12.5,178,14.24,175,0.017,0.667,12.29,adpcm_ima_escape,22050,1,313992,14.24,0.0,0,0,1
fre,cam1/cam1cnp,1277899,dabd4daf4534d350c13e204b9c6d6d34ee6a6e5d8d5d7eb919097a948ab26d7c,escape130,320,240,yuv420p,12.5,205,16.4,70,0.659,0.504,4.27,adpcm_ima_escape,22050,1,361620,16.4,0.0,0,0,1
fre,cam1/cam1d,1771818,30851705ec31b11cfca7ee36d5e527265316b3100208cb9d23b1e33a3af436f4,escape130,320,240,yuv420p,12.5,170,13.6,151,0.112,0.526,11.1,adpcm_ima_escape,22050,1,299880,13.6,0.0,0,0,1
fre,cam1/cam1dnp,843748,701efe0c30e67a7b9b4816522f37ea166f19c6058cd5bee2d08e6d8b22883afc,escape130,320,240,yuv420p,12.5,168,13.44,69,0.589,0.505,5.13,adpcm_ima_escape,22050,1,296352,13.44,0.0,0,0,1
fre,cam1/cam1dp1,1294478,1007d27341ec24ab809b6ba71f53e09786ff1c765752407e28072eb0dbb0e0b2,escape130,320,240,yuv420p,12.5,84,6.72,84,0.0,0.0,12.5,adpcm_ima_escape,22050,1,148176,6.72,0.0,0,0,1
fre,cam1/cam1dp2,1416538,8596cfcd2ae44719e3ddb2d727d565717661f26fda1339404e1ab9decfb6243a,escape130,320,240,yuv420p,12.5,92,7.36,92,0.0,0.0,12.5,adpcm_ima_escape,22050,1,162288,7.36,0.0,0,0,1
fre,cam1/cam1out1,5083297,2cc443e9af6b54dcc1fe735bc01a6313dc01bb631a336dbe875ffa616b9dd08a,escape130,320,240,yuv420p,12.5,343,27.44,343,0.0,0.0,12.5,adpcm_ima_escape,22050,1,605052,27.44,0.0,0,0,1
fre,cam1/cam1out2,4551095,9a619cedaf4962fb21b036c613f4edb457c3090121f3435512c60a622ebb71bf,escape130,320,240,yuv420p,12.5,470,37.6,464,0.013,0.667,12.34,adpcm_ima_escape,22050,1,829080,37.6,0.0,0,0,1
fre,cam1/cam1out3,677852,4e9fc515fbfa33c6086ee527107766af0152c5505bf86afed0ad57310403803f,escape130,320,240,yuv420p,12.5,44,3.52,44,0.0,0.0,12.5,adpcm_ima_escape,22050,1,77616,3.52,0.0,0,0,1
fre,cam1/cam1out4,3131984,fded9f88944944372c26637bf5fd41aa1ff1c9f43c9129319ad8523e86d8b734,escape130,320,240,yuv420p,12.5,345,27.6,318,0.078,0.556,11.52,adpcm_ima_escape,22050,1,608580,27.6,0.0,0,0,1
fre,cam1/cam1out5,6597829,24e3197410f1fcabb3a59b9af3c43c30ed558f8b9d9d453e3f62653cf128bf67,escape130,320,240,yuv420p,12.5,458,36.64,458,0.0,0.0,12.5,adpcm_ima_escape,22050,1,807912,36.64,0.0,0,0,1
fre,cam1/cam1out6,739552,39358a248c884dc1e58258441716914ef7bce32a3cf149245d4f2942598ce29a,escape130,320,240,yuv420p,12.5,48,3.84,48,0.0,0.0,12.5,adpcm_ima_escape,22050,1,84672,3.84,0.0,0,0,1
fre,cam1/map1a_c,6901504,2a8f069e4d2b1c6ee91c71686e2b824854538d9f8388653cb4c6b0ad15ecc2c1,escape130,320,240,yuv420p,12.5,980,78.4,949,0.032,0.548,12.1,adpcm_ima_escape,22050,1,1728720,78.4,0.0,0,0,1
fre,cam1/map1c,1807481,3f13277199c616e3221b54f17c266245c494e72ac32e8605173715ff4b1cadad,escape130,320,240,yuv420p,12.5,114,9.12,101,0.114,0.538,11.07,adpcm_ima_escape,22050,1,201096,9.12,0.0,0,0,1
fre,cam1/map1cexp,3594596,e4c7397645f9848a92751c663e5783b3c8ab447e2ac9cbff2cfe436f486e347c,escape130,320,240,yuv420p,12.5,485,38.8,350,0.278,0.519,9.02,adpcm_ima_escape,22050,1,855540,38.8,0.0,0,0,1
fre,cam1/sub12pt2,1370797,b7d87a62f81d2bf4862cac4694627388da8577d536a0260b80e7ed2437a776f4,escape130,320,240,yuv420p,12.5,95,7.6,95,0.0,0.0,12.5,adpcm_ima_escape,22050,1,167580,7.6,0.0,0,0,1
fre,cam1/sub13bet,2863401,2aefbf1e694599d2de977b8a45ed0135ad0f2a0933d7e67eb0b04eec10432a11,escape130,320,240,yuv420p,12.5,197,15.76,197,0.0,0.0,12.5,adpcm_ima_escape,22050,1,347508,15.76,0.0,0,0,1
fre,cam1/sub13gam,1993675,3d1bded52dee199da92956bcb3b1b686f0fd9889bac90436ed6d8c9f60368b07,escape130,320,240,yuv420p,12.5,138,11.04,138,0.0,0.0,12.5,adpcm_ima_escape,22050,1,243432,11.04,0.0,0,0,1
fre,cam1/sub13np1,1003810,224cddcc33c9a5b1e02d813d382bfd4dffc3d1b55f5f917df7be589600f66c36,escape130,320,240,yuv420p,12.5,243,19.44,69,0.716,0.506,3.55,adpcm_ima_escape,22050,1,428652,19.44,0.0,0,0,1
fre,cam1/sub13np2,878854,aeb53ee5fc17b63b37f601c6ea564b9acb9c2dab3ddae219101b4307e4098045,escape130,320,240,yuv420p,12.5,178,14.24,69,0.612,0.505,4.85,adpcm_ima_escape,22050,1,313992,14.24,0.0,0,0,1
fre,cam1/sub14anp,819994,368660a9f89f9d5a870c7dc8d8173832d7af686486bdc820d66c93bd1791ff08,escape130,320,240,yuv420p,12.5,156,12.48,69,0.558,0.506,5.53,adpcm_ima_escape,22050,1,275184,12.48,0.0,0,0,1
fre,cam1/sub14bpl,971245,046282399d6761ef34b2547297bc9680e688429962d5a9ca68c90e52d766f202,escape130,320,240,yuv420p,12.5,63,5.04,63,0.0,0.0,12.5,adpcm_ima_escape,22050,1,111132,5.04,0.0,0,0,1
fre,cam1/sub17fmv,11020555,6eb64f3d9927a75cc6d5fbd04da407260fdbb724be80b643131ebb2a0b2e47bd,escape130,320,240,yuv420p,12.5,735,58.8,723,0.016,0.5,12.3,adpcm_ima_escape,22050,1,1296540,58.8,0.0,0,0,1
fre,cam1/sub1_1,2840900,a91ec4e592c3c4dcb3fa3628912a43845006ad23c9721cc8ae1387541689b7be,escape130,320,240,yuv420p,12.5,317,25.36,201,0.366,0.5,7.93,adpcm_ima_escape,22050,1,559188,25.36,0.0,0,0,1
fre,cam1/sub1_1p,792872,b116cf3b6368ffbcf4fd1e154adafc0b8383d7659452cec3ce77590a7c1429f3,escape130,320,240,yuv420p,12.5,49,3.92,49,0.0,0.0,12.5,adpcm_ima_escape,22050,1,86436,3.92,0.0,0,0,1
fre,cam1/sub1_2,4763035,2eaa67d63e8a2135f5bf30c14af153dda80dda72f705fcc401cb5c0c5ec5c62d,escape130,320,240,yuv420p,12.5,342,27.36,312,0.088,0.5,11.4,adpcm_ima_escape,22050,1,603288,27.36,0.0,0,0,1
fre,cam1/sub1_3,2984166,a35cb7508efe23578af61e1ba894c0d3761ac7751a8620f45bfb2a0517b72e0a,escape130,320,240,yuv420p,12.5,240,19.2,191,0.204,0.51,9.95,adpcm_ima_escape,22050,1,423360,19.2,0.0,0,0,1
fre,cam1/sub1_3p1,1140290,25912efcacb8cef14490b8195e07e94cb00de31d2bafe2bcd79ea852ce7007c8,escape130,320,240,yuv420p,12.5,74,5.92,74,0.0,0.0,12.5,adpcm_ima_escape,22050,1,130536,5.92,0.0,0,0,1
fre,cam1/sub1_4,2791849,310de09904b80902a7065b2978984e309114fc8d8974ac412044b9be6e965a1e,escape130,320,240,yuv420p,12.5,207,16.56,197,0.048,0.6,11.9,adpcm_ima_escape,22050,1,365148,16.56,0.0,0,0,1
fre,cam1/sub1_4b,1351222,d05187df3a24bd2380b767eab8050e90ba7a00b13888a5b963b6a390d238d312,escape130,320,240,yuv420p,12.5,147,11.76,101,0.313,0.5,8.59,adpcm_ima_escape,22050,1,259308,11.76,0.0,0,0,1
fre,cam1/sub1_4bn,1014826,370867fbee1d31239bac59bf99599eb7bd600e141677b9260d24e8811ce561f2,escape130,320,240,yuv420p,12.5,175,14.0,66,0.623,0.514,4.71,adpcm_ima_escape,22050,1,308700,14.0,0.0,0,0,1
fre,cam1/sub1_4pl,1200302,41524154a59ae40937297025458b6763d4e4c38ec002bc57d3928ed59103b156,escape130,320,240,yuv420p,12.5,78,6.24,78,0.0,0.0,12.5,adpcm_ima_escape,22050,1,137592,6.24,0.0,0,0,1
fre,cam1/sub1_5,1967704,723bdee33a1bd2deba891325401513f6dee0c8ba2b68be65bf5401a8a4eb1edb,escape130,320,240,yuv420p,12.5,178,14.24,178,0.0,0.0,12.5,adpcm_ima_escape,22050,1,313992,14.24,0.0,0,0,1
fre,cam1/sub1_5pl,3261530,696b4f0779108d903eed1955a444a178d1d88ef202ec23c6adeabbfe05073749,escape130,320,240,yuv420p,12.5,211,16.88,211,0.0,0.0,12.5,adpcm_ima_escape,22050,1,372204,16.88,0.0,0,0,1
fre,cam1/sub1_7,1337252,c2872cc19a505eef50cb47ae5be798f7bfbbf76c16f1e6bb8f6a476202d9e8fa,escape130,320,240,yuv420p,12.5,141,11.28,101,0.284,0.5,8.95,adpcm_ima_escape,22050,1,248724,11.28,0.0,0,0,1
fre,cam1/sub1_7b,1273934,2503c8a019e6e52c1db8475785844d2938adbf871c1e54aa7ed2d3a796c0f85d,escape130,320,240,yuv420p,12.5,107,8.56,101,0.056,0.5,11.8,adpcm_ima_escape,22050,1,188748,8.56,0.0,0,0,1
fre,cam1/sub1_7pl,4743810,eec30110a934e52fb77d1d1fda234f49d2516aa794225513946c003cd5bc44c0,escape130,320,240,yuv420p,12.5,307,24.56,307,0.0,0.0,12.5,adpcm_ima_escape,22050,1,541548,24.56,0.0,0,0,1
fre,cam2/c002,10813276,581bf6303c921861103e9d548e9cd4543a69f3c67566125299c9005a783bb46c,escape130,320,240,yuv420p,12.5,1076,86.08,943,0.124,0.504,10.95,adpcm_ima_escape,22050,1,1898064,86.08,0.0,0,0,1
fre,cam2/c2diif2,3018072,97d925b4f7db7cf631e3c5fdc68db2f0677be722a0a926619354d494b30c1bfb,escape130,320,240,yuv420p,12.5,214,17.12,201,0.061,0.538,11.74,adpcm_ima_escape,22050,1,377496,17.12,0.0,0,0,1
fre,cam2/cam22fmv,11580283,53094a7e1a16d48e0a027b0be4314b948b947f0f458b9715ecab27f186f3ffa8,escape130,320,240,yuv420p,12.5,901,72.08,744,0.174,0.548,10.32,adpcm_ima_escape,22050,1,1589364,72.08,0.0,0,0,1
fre,cam2/cam22pl1,2902538,27bb896270129d16af51efb72851a3a32e56136bfdc9ca6c9ee27f835b5c775b,escape130,320,240,yuv420p,12.5,188,15.04,188,0.0,0.0,12.5,adpcm_ima_escape,22050,1,331632,15.04,0.0,0,0,1
fre,cam2/cam22pl2,1172646,1e0efc8328eb2647baf945466576deb09ac8b22f682e7d197cef43dfbc07c39a,escape130,320,240,yuv420p,12.5,76,6.08,76,0.0,0.0,12.5,adpcm_ima_escape,22050,1,134064,6.08,0.0,0,0,1
fre,cam2/cam22pl3,1061690,b99738029b231b8eabbacffb1c0aa6f90188ea97b1af73642c9620c26317e2c8,escape130,320,240,yuv420p,12.5,69,5.52,69,0.0,0.0,12.5,adpcm_ima_escape,22050,1,121716,5.52,0.0,0,0,1
fre,cam2/cam26afm,12165883,801a7168c664726beebac5d89fdc05bf1944bb717d34198bdbdf9da0fb50710a,escape130,320,240,yuv420p,12.5,566,45.28,550,0.028,0.562,12.15,adpcm_ima_escape,22050,1,998424,45.28,0.0,0,0,1
fre,cam2/cam26bfm,3562829,7604dae11b02236a656ef823897f9ae175d14caa9b1d406098b870c7739e4c37,escape130,320,240,yuv420p,12.5,307,24.56,274,0.107,0.576,11.16,adpcm_ima_escape,22050,1,541548,24.56,0.0,0,0,1
fre,cam2/cam26pl1,3025242,450911ba9a92984fb6256e190c19fd3468f2124a94c4c393ed2344b8e7e8b499,escape130,320,240,yuv420p,12.5,196,15.68,196,0.0,0.0,12.5,adpcm_ima_escape,22050,1,345744,15.68,0.0,0,0,1
fre,cam2/cam26pl2,2221198,be0319913139496c24694b45b4be6be1b8d8c3f1033860a543553385c9f635ab,escape130,320,240,yuv420p,12.5,144,11.52,144,0.0,0.0,12.5,adpcm_ima_escape,22050,1,254016,11.52,0.0,0,0,1
fre,cam2/cam27fmv,2388392,455baf179516fffbef361718cbd59d4132dcdc09dd75a8cd27d0e9ea7b9e2cf2,escape130,320,240,yuv420p,12.5,276,22.08,239,0.134,0.514,10.82,adpcm_ima_escape,22050,1,486864,22.08,0.0,0,0,1
fre,cam2/cam28apl,1588018,485b50fb2119d9c7c0d8c895c9a0f019b1769ef14196ad0008266cf8a259bf6b,escape130,320,240,yuv420p,12.5,103,8.24,103,0.0,0.0,12.5,adpcm_ima_escape,22050,1,181692,8.24,0.0,0,0,1
fre,cam2/cam2_1,2127135,e976fbccab258d029df4c6f48c1161ba7112601c1a6703ab6ccee32b0654b006,escape130,320,240,yuv420p,12.5,186,14.88,151,0.188,0.514,10.15,adpcm_ima_escape,22050,1,328104,14.88,0.0,0,0,1
fre,cam2/cam2_2,2392170,de2d59ea794bd1398da872a2c4e76ec049e3aec4768b6b43631924ecbaf3121c,escape130,320,240,yuv420p,12.5,232,18.56,226,0.026,0.5,12.18,adpcm_ima_escape,22050,1,409248,18.56,0.0,0,0,1
fre,cam2/cam2_2n,1849144,188312a957f4d2fd1bebf100b87a0762b4b2a27b1d51cf854867d9045fb8a1e4,escape130,320,240,yuv420p,12.5,330,26.4,285,0.136,0.511,10.8,adpcm_ima_escape,22050,1,582120,26.4,0.0,0,0,1
fre,cam2/cam2_2n2,1275532,008343f16c7a89a3c48c0af938ff51e247b7f1160f1a5c069d02919619c49185,escape130,320,240,yuv420p,12.5,125,10.0,123,0.016,0.5,12.3,adpcm_ima_escape,22050,1,220500,10.0,0.0,0,0,1
fre,cam2/cam2_5,1191637,8a031f3819d835e70ebbcf8d64a7d76e2d01288038caa7246a735ade07c70aea,escape130,320,240,yuv420p,12.5,150,12.0,148,0.013,0.5,12.33,adpcm_ima_escape,22050,1,264600,12.0,0.0,0,0,1
fre,cam2/cam2_5pl,2470718,a6c392df628b7381e7dc07f61381046f153ce9f4fbb73b9c1b9362c6a51a4a58,escape130,320,240,yuv420p,12.5,160,12.8,160,0.0,0.0,12.5,adpcm_ima_escape,22050,1,282240,12.8,0.0,0,0,1
fre,cam2/cam2_6a,1097501,260c39dc647ef66b8e34b406f9b3ce8b73ff5cca79e11a1a945c89f19ffef096,escape130,320,240,yuv420p,12.5,132,10.56,132,0.0,0.0,12.5,adpcm_ima_escape,22050,1,232848,10.56,0.0,0,0,1
fre,cam2/cam2_6b,1092558,6d5894da2e46dcd0364f14b3fd607e7cffdac123e3a1f229cc61d57fdf192455,escape130,320,240,yuv420p,12.5,118,9.44,118,0.0,0.0,12.5,adpcm_ima_escape,22050,1,208152,9.44,0.0,0,0,1
fre,cam2/cam2_7,2459390,3fc0f39d5b2b8623d1c1e494f2f74c9d15e2d69274abab65a28fc4588e557d7a,escape130,320,240,yuv420p,12.5,200,16.0,200,0.0,0.0,12.5,adpcm_ima_escape,22050,1,352800,16.0,0.0,0,0,1
fre,cam2/cam2_8a,1307723,f0321e10061b4690a51362643c9a071c18933e70648a320c1e9c196e053ffb53,escape130,320,240,yuv420p,12.5,178,14.24,151,0.152,0.519,10.6,adpcm_ima_escape,22050,1,313992,14.24,0.0,0,0,1
fre,cam2/cam2_di,1381493,f903df4a28c2bbeb472725adfa11f909f7b80a603bb33acabf98efd0687e662d,escape130,320,240,yuv420p,12.5,177,14.16,151,0.147,0.5,10.66,adpcm_ima_escape,22050,1,312228,14.16,0.0,0,0,1
fre,cam2/cam2_diib,4443320,4616aa16e6d3b46d5f280a9c85d48224c9673b2ce3ca9abe658b1e78688720d2,escape130,320,240,yuv420p,25.0,493,19.72,493,0.0,0.0,25.0,adpcm_ima_escape,22050,1,434826,19.72,0.0,0,0,1
fre,cam2/cam2acol,3295307,3b8ff5a8b39eb0dc03739a2241df4bb4640d877907f3d4ca7a3aeee157a48166,escape130,320,240,yuv420p,12.5,276,22.08,276,0.0,0.0,12.5,adpcm_ima_escape,22050,1,486864,22.08,0.0,0,0,1
fre,cam2/cam2ap,1140290,9d24682e218dcb36888a9e539ff1ddd13d2f2e2cb37ac9de9ab5762abb87730d,escape130,320,240,yuv420p,12.5,74,5.92,74,0.0,0.0,12.5,adpcm_ima_escape,22050,1,130536,5.92,0.0,0,0,1
fre,cam2/cam2ap1,1124498,7f78644ef4950c5fb21270e4287fb321aaf3d213603ffa2bd21d1e8a703d0b8b,escape130,320,240,yuv420p,12.5,73,5.84,73,0.0,0.0,12.5,adpcm_ima_escape,22050,1,128772,5.84,0.0,0,0,1
fre,cam2/cam2b,1038341,04305122d731fd19fc1145019b91e4f07002618aa55e4cd019f98fde7d29cfd4,escape130,320,240,yuv420p,12.5,160,12.8,151,0.056,0.556,11.8,adpcm_ima_escape,22050,1,282240,12.8,0.0,0,0,1
fre,cam2/cam2bcol,5250215,48dda045141892431a864979449cfdaed0da403f82c53a66d3ea4858e176c496,escape130,320,240,yuv420p,12.5,476,38.08,476,0.0,0.0,12.5,adpcm_ima_escape,22050,1,839664,38.08,0.0,0,0,1
fre,cam2/cam2bpl,1432202,9da82fd4d2ec7bae60f452477701586148e736705c9f5f522b32cd3548d76631,escape130,320,240,yuv420p,12.5,93,7.44,93,0.0,0.0,12.5,adpcm_ima_escape,22050,1,164052,7.44,0.0,0,0,1
fre,cam2/cam2ca,2234016,b1ce2c329602ac756b95626c8e0e240f4d873fd9ddfe6fee9eca965c2b6cb583,escape130,320,240,yuv420p,12.5,218,17.44,163,0.252,0.509,9.35,adpcm_ima_escape,22050,1,384552,17.44,0.0,0,0,1
fre,cam2/cam2capl,1635062,84535fe3efdc2a059a88308740ddc3539d283ad28b01ae85e163fb3041ca0e15,escape130,320,240,yuv420p,12.5,106,8.48,106,0.0,0.0,12.5,adpcm_ima_escape,22050,1,186984,8.48,0.0,0,0,1
fre,cam2/cam2cb,1173097,23fa2599912f178122cb895f050bed24b98f63ca5bbcce809c5920c128552c6a,escape130,320,240,yuv420p,12.5,107,8.56,107,0.0,0.0,12.5,adpcm_ima_escape,22050,1,188748,8.56,0.0,0,0,1
fre,cam2/cam2cbpl,1278914,6249104ee13d547cd306273b04e7ca0dbace4c7806b25e51ea75c2ee7826f58b,escape130,320,240,yuv420p,12.5,83,6.64,83,0.0,0.0,12.5,adpcm_ima_escape,22050,1,146412,6.64,0.0,0,0,1
fre,cam2/cam2dico,3401776,1aac4f3a47551016ca2295567557a83f44eff9cdd7c7200f07be17f244d44036,escape130,320,240,yuv420p,12.5,288,23.04,288,0.0,0.0,12.5,adpcm_ima_escape,22050,1,508032,23.04,0.0,0,0,1
fre,cam2/cam2diib,1981697,328e6327b10f0f060f224f9fe653ffc764e3759bfc729c0fd71c216ab649f16c,escape130,320,240,yuv420p,12.5,226,18.08,226,0.0,0.0,12.5,adpcm_ima_escape,22050,1,398664,18.08,0.0,0,0,1
fre,cam2/cam2diif,2539786,a5bf1017561c3054d7bfa65e322a455812b2a58ec48a385e96070af20acd52e9,escape130,320,240,yuv420p,12.5,250,20.0,210,0.16,0.5,10.5,adpcm_ima_escape,22050,1,441000,20.0,0.0,0,0,1
fre,cam2/cam2diin,1812776,846c75329fc16550cc29db47f600799c1fc10afeb495e1341b4e2845c8aafc1b,escape130,320,240,yuv420p,12.5,276,22.08,251,0.091,0.52,11.37,adpcm_ima_escape,22050,1,486864,22.08,0.0,0,0,1
fre,cam2/cam2diip,1014614,def91474b63a64dcc60658e42f3679eed13820eadb802cc4a18b4e8dea8cf7cd,escape130,320,240,yuv420p,12.5,66,5.28,66,0.0,0.0,12.5,adpcm_ima_escape,22050,1,116424,5.28,0.0,0,0,1
fre,cam2/cam2dipl,677852,4a3780295c871e419ed2ef7f1d956c06552313f934767bb1c0c053576693e2e5,escape130,320,240,yuv420p,12.5,44,3.52,44,0.0,0.0,12.5,adpcm_ima_escape,22050,1,77616,3.52,0.0,0,0,1
fre,cam2/cam2int1,26229193,9b6c2916f256653607755dfa43686e8d95732e4eb61330e0ebd133f1dfef9eb8,escape130,320,240,yuv420p,25.0,1468,58.72,1238,0.157,0.504,21.08,adpcm_ima_escape,22050,1,1294776,58.72,0.0,0,0,1
fre,cam2/cam2int2,12921247,99b0ee0b9325069676b917bb52fb7db4197f8a1592cfb92822b45f2ddbe4f836,escape130,320,240,yuv420p,25.0,1209,48.36,1166,0.036,0.628,24.11,adpcm_ima_escape,22050,1,1066338,48.36,0.0,0,0,1
fre,cam2/cam2inta,5466630,b4fc804ddf33aa8f71f04544ea192a44a52f8adadcf85a5589182cb029dd257a,escape130,320,240,yuv420p,12.5,362,28.96,346,0.044,0.5,11.95,adpcm_ima_escape,22050,1,638568,28.96,0.0,0,0,1
fre,cam2/cam2intb,1615676,401e304fc65f3aaec7498cd02dd6a585d91f58674797df0cfa492e9de508b857,escape130,320,240,yuv420p,12.5,149,11.92,141,0.054,0.5,11.83,adpcm_ima_escape,22050,1,262836,11.92,0.0,0,0,1
fre,cam2/cam2out,6431954,f3fb479d699e8f5e810798f8e79b8c729f4592376a29d1e438990e2bc231d3fc,escape130,320,240,yuv420p,12.5,341,27.28,329,0.035,0.5,12.06,adpcm_ima_escape,22050,1,601524,27.28,0.0,0,0,1
fre,cam3/c003,11509546,fb34f173348a3c1f8667561d959d54f0d8ac9208fb325c712ef9fbd967ea73a2,escape130,320,240,yuv420p,12.5,824,65.92,804,0.024,0.5,12.2,adpcm_ima_escape,22050,1,1453536,65.92,0.0,0,0,1
fre,cam3/c3_d1_a,2685928,ef50649537abc66afaad1e4244305b767899f42dc667d163d600706b7f6179f4,escape130,320,240,yuv420p,12.5,143,11.44,136,0.049,0.571,11.89,adpcm_ima_escape,22050,1,252252,11.44,0.0,0,0,1
fre,cam3/c3_d1_b,2347907,966b4b541f183e35260aacc9f3fe976d4d29f09c7d4db9ebfda662ba4a3bb7dc,escape130,320,240,yuv420p,12.5,91,7.28,87,0.044,0.5,11.95,adpcm_ima_escape,22050,1,160524,7.28,0.0,0,0,1
fre,cam3/c3ad1pl1,2229735,ed15a3adeffe267a53cf3c02ae7d6227acc3d976be6bf8dbf1a575d6f117584b,escape130,320,240,yuv420p,12.5,134,10.72,134,0.0,0.0,12.5,adpcm_ima_escape,22050,1,236376,10.72,0.0,0,0,1
fre,cam3/c3ad1pl2,2426683,127822638cb7fdf9c748e7891c38420b9a33512d47e7621600470451a8922a4b,escape130,320,240,yuv420p,12.5,141,11.28,141,0.0,0.0,12.5,adpcm_ima_escape,22050,1,248724,11.28,0.0,0,0,1
fre,cam3/c3ad1pl3,557220,13496d42455e74ac01b0ebe1578cb969ebdd87025762992d1c731419d2b0b5db,escape130,320,240,yuv420p,12.5,36,2.88,36,0.0,0.0,12.5,adpcm_ima_escape,22050,1,63504,2.88,0.0,0,0,1
fre,cam3/c3ad2_09,1082494,2af826be6f6a8aef98b71b23acdf58a831ecbc962d1756ac01b4d399ac25c9fb,escape130,320,240,yuv420p,12.5,225,18.0,185,0.178,0.5,10.28,adpcm_ima_escape,22050,1,396900,18.0,0.0,0,0,1
fre,cam3/c3ad2_12,616867,f0deffcc9a39555dcaa37958251c9a0ea700dd85b4304d62c812968537f8dba4,escape130,320,240,yuv420p,12.5,155,12.4,31,0.8,0.5,2.5,adpcm_ima_escape,22050,1,273420,12.4,0.0,0,0,1
fre,cam3/c3ad2_14,685001,1c95fe13f62ee77224b61b3f6e92f5b2f994748037f0a3eaaeca5437e2a9e9c2,escape130,320,240,yuv420p,12.5,182,14.56,31,0.83,0.503,2.13,adpcm_ima_escape,22050,1,321048,14.56,0.0,0,0,1
fre,cam3/c3ad2_16,4987577,b3cba1a69b48195058329aa856a2d8e7fcb33a64638b4eefddfcbaec3d7f8d7c,escape130,320,240,yuv420p,12.5,381,30.48,331,0.131,0.52,10.86,adpcm_ima_escape,22050,1,672084,30.48,0.0,0,0,1
fre,cam3/c3ad2_17,9300944,51b75f727b3d0fd84aef0b8c14447697a1bebb3e10884dbe18c16a2bffb8b03e,escape130,320,240,yuv420p,25.0,565,22.6,482,0.147,0.518,21.33,adpcm_ima_escape,22050,1,498330,22.6,0.0,0,0,1
fre,cam3/c3ad2n2,910700,63f9201be6f370544883947db0bea776f50e4c353be31debc46629d8756cccdf,escape130,320,240,yuv420p,12.5,99,7.92,67,0.323,0.562,8.46,adpcm_ima_escape,22050,1,174636,7.92,0.0,0,0,1
fre,cam3/c3ad2pl1,3306732,4fd69bd71c7fa9a745c42eb73e21950a1ea4d666407464aafa42a09506fbdda1,escape130,320,240,yuv420p,12.5,188,15.04,188,0.0,0.0,12.5,adpcm_ima_escape,22050,1,331632,15.04,0.0,0,0,1
fre,cam3/c3ad2pl2,3374304,769fd525d0ba010e05aeee2822a10e1c90fa3da609880aa7cf576a9d397ca08a,escape130,320,240,yuv420p,12.5,228,18.24,228,0.0,0.0,12.5,adpcm_ima_escape,22050,1,402192,18.24,0.0,0,0,1
fre,cam3/c3ad2pl3,2115376,ed85b23629d51eb842b55d9da30003a78ac84b2cbd7be3834a50eeafd0a31174,escape130,320,240,yuv420p,12.5,121,9.68,70,0.421,0.51,7.23,adpcm_ima_escape,22050,1,213444,9.68,0.0,0,0,1
fre,cam3/c3ad2pl4,2622130,d77fc77c6e03d0fb7ae1e88630e4b6cf9aeb699b8988da3618e65625f47d88f4,escape130,320,240,yuv420p,12.5,170,13.6,170,0.0,0.0,12.5,adpcm_ima_escape,22050,1,299880,13.6,0.0,0,0,1
fre,cam3/c3c,1716508,ead3dd465300b1f718e4301420313669d40410149caed28f95c133ce332163a3,escape130,320,240,yuv420p,12.5,163,13.04,151,0.074,0.583,11.58,adpcm_ima_escape,22050,1,287532,13.04,0.0,0,0,1
fre,cam3/cam31bpl,2190998,a368bf4e11acf0d399f1fa1beac54389a5835ebe4afde11ba631f70c4c3bef87,escape130,320,240,yuv420p,12.5,142,11.36,142,0.0,0.0,12.5,adpcm_ima_escape,22050,1,250488,11.36,0.0,0,0,1
fre,cam3/cam31g2,2005843,806be8a1bf6c31bef0028202d41490849a330ee941028ffc7a30d7f1a0829692,escape130,320,240,yuv420p,12.5,157,12.56,157,0.0,0.0,12.5,adpcm_ima_escape,22050,1,276948,12.56,0.0,0,0,1
fre,cam3/cam31gam,2288639,1f931c38c480192ce34e647c0fe5b2cd19f21e51f63bb5b5b3b33fb552fd5c19,escape130,320,240,yuv420p,12.5,178,14.24,178,0.0,0.0,12.5,adpcm_ima_escape,22050,1,313992,14.24,0.0,0,0,1
fre,cam3/cam32a2,2549909,f3b0568928546b658d2a78fa0ef7739e7aee0423efb44692baf2fe812d92b2d7,escape130,320,240,yuv420p,12.5,125,10.0,125,0.0,0.0,12.5,adpcm_ima_escape,22050,1,220500,10.0,0.0,0,0,1
fre,cam3/cam32alp,2934595,1a2a74918738753d7acbd6b19d014d789007e971ea7c7fba9dd9c35d9d7f63c0,escape130,320,240,yuv420p,12.5,210,16.8,210,0.0,0.0,12.5,adpcm_ima_escape,22050,1,370440,16.8,0.0,0,0,1
fre,cam3/cam32pl,4230502,290844a559c9007e4a42569a68765eefbc835244958d89d4a19198b8592c94c4,escape130,320,240,yuv420p,12.5,299,23.92,299,0.0,0.0,12.5,adpcm_ima_escape,22050,1,527436,23.92,0.0,0,0,1
fre,cam3/cam32pl2,1851199,50edbf6dd07b114bc0c35c62e4b95106184a447795fa7f65df6d0773c20230bc,escape130,320,240,yuv420p,12.5,103,8.24,101,0.019,0.5,12.26,adpcm_ima_escape,22050,1,181692,8.24,0.0,0,0,1
fre,cam3/cam32pl3,1492898,a65509d84d7ba1740c30768f1ad27255e6705ae889dab641b64b027b64148679,escape130,320,240,yuv420p,12.5,97,7.76,97,0.0,0.0,12.5,adpcm_ima_escape,22050,1,171108,7.76,0.0,0,0,1
fre,cam3/cam34fmv,4560239,e60dd74fde9d74ae2ab2118afe5f9711d1e8cb5722c72d25ee56f932a730437e,escape130,320,240,yuv420p,25.0,301,12.04,278,0.076,0.783,23.09,adpcm_ima_escape,22050,1,265482,12.04,0.0,0,0,1
fre,cam3/cam34mu1,2397847,455bceee017604412afa18e5f9c547f6fea332a08486c709b74b390d0246171d,escape130,320,240,yuv420p,12.5,162,12.96,162,0.0,0.0,12.5,adpcm_ima_escape,22050,1,285768,12.96,0.0,0,0,1
fre,cam3/cam34mu2,989137,ddccb972381aee28f9aa4ab2b5c11ba77c6f676e6743be79f58213583bf89761,escape130,320,240,yuv420p,12.5,123,9.84,82,0.333,0.512,8.33,adpcm_ima_escape,22050,1,216972,9.84,0.0,0,0,1
fre,cam3/cam3_1,1279476,2084a895b08654715247a026970ed23548fb6f31fa940307cb9b79f530353034,escape130,320,240,yuv420p,12.5,125,10.0,125,0.0,0.0,12.5,adpcm_ima_escape,22050,1,220500,10.0,0.0,0,0,1
fre,cam3/cam3_1b,1186873,46aaba7620423963e6e1387730f421599ddef77ec0af0562545ace4a91d5fded,escape130,320,240,yuv420p,12.5,119,9.52,119,0.0,0.0,12.5,adpcm_ima_escape,22050,1,209916,9.52,0.0,0,0,1
fre,cam3/cam3_1bn,2144939,0f0da830706c6bfd5229c6360c89f25fb4c960c6c0928c871fbb66d1a76a8ad3,escape130,320,240,yuv420p,12.5,380,30.4,367,0.034,0.538,12.07,adpcm_ima_escape,22050,1,670320,30.4,0.0,0,0,1
fre,cam3/cam3_2b,2459765,76d52849f1f4b6fba6b61099fa4f5d384dc29703afe45a3d4649989089fdda6b,escape130,320,240,yuv420p,12.5,202,16.16,186,0.079,0.5,11.51,adpcm_ima_escape,22050,1,356328,16.16,0.0,0,0,1
fre,cam3/cam3_4a,985075,9f958be46e4d3fae028028a348b3e5cb00abe04afeb77340f2dd25fc990c8985,escape130,320,240,yuv420p,12.5,149,11.92,120,0.195,0.517,10.07,adpcm_ima_escape,22050,1,262836,11.92,0.0,0,0,1
fre,cam3/cam3_4b,1114158,71638de4c63b93bb3ede61db70c16583848c735539b99fdf14bef96b902ebae2,escape130,320,240,yuv420p,12.5,148,11.84,148,0.0,0.0,12.5,adpcm_ima_escape,22050,1,261072,11.84,0.0,0,0,1
fre,cam3/cam3_bn,3334158,c448a54432953487e41435b5fef59dfb71a977bb9cf15440f5cdb2eee2bfe0cb,escape130,320,240,yuv420p,12.5,401,32.08,397,0.01,0.5,12.38,adpcm_ima_escape,22050,1,707364,32.08,0.0,0,0,1
fre,cam3/cam3_cb,3491599,a4805b382888e140c6b00679f7ac4c48a77d8574593aca893fb24f9f96f23d08,escape130,320,240,yuv420p,12.5,221,17.68,214,0.032,0.571,12.1,adpcm_ima_escape,22050,1,389844,17.68,0.0,0,0,1
fre,cam3/cam3_cg,3065110,72b448ce974807ed8fa5a7b0d77a6ca7df215334b68d48fade3f96e929b8e8b6,escape130,320,240,yuv420p,12.5,230,18.4,225,0.022,0.6,12.23,adpcm_ima_escape,22050,1,405720,18.4,0.0,0,0,1
fre,cam3/cam3_cn,4805731,0f9eabcf483bb41a53ef8275b0b6bf81bcedea002b05974874ec737f6ee6bc1c,escape130,320,240,yuv420p,12.5,460,36.8,456,0.009,0.5,12.39,adpcm_ima_escape,22050,1,811440,36.8,0.0,0,0,1
fre,cam3/cam3ab,1630493,a0765491f38a9bd2c2fa4cd14caf2a18e64fb1f4c4e1ef9218f38b5b995be029,escape130,320,240,yuv420p,12.5,166,13.28,166,0.0,0.0,12.5,adpcm_ima_escape,22050,1,292824,13.28,0.0,0,0,1
fre,cam3/cam3aba,3677228,0f6f4c83b8c2601f29cffaf03a28d91609d7129f8e53059fcfa431005c6313a5,escape130,320,240,yuv420p,12.5,306,24.48,300,0.02,0.667,12.25,adpcm_ima_escape,22050,1,539784,24.48,0.0,0,0,1
fre,cam3/cam3abf,8207583,63f4740c35f2870eec315acfa85ea8f923204705e83f30db49e730f4942d26af,escape130,320,240,yuv420p,12.5,1005,80.4,994,0.011,0.636,12.36,adpcm_ima_escape,22050,1,1772820,80.4,0.0,0,0,1
fre,cam3/cam3abpl,1998107,ff972677d25b45ab1ce3468f020c9c0f72f4498d72b7a70124eaad9d4696b025,escape130,320,240,yuv420p,12.5,98,7.84,98,0.0,0.0,12.5,adpcm_ima_escape,22050,1,172872,7.84,0.0,0,0,1
fre,cam3/cam3ad1b,2327248,439a23857bee415ef98341ff721bad9679b434414abc929e7a673716b560b639,escape130,320,240,yuv420p,12.5,148,11.84,127,0.142,0.524,10.73,adpcm_ima_escape,22050,1,261072,11.84,0.0,0,0,1
fre,cam3/cam3ad2n,2693814,bc5c58e263d073684f1d5959abd22d4f59d40acac68901421fcfb05073a60c86,escape130,320,240,yuv420p,12.5,253,20.24,248,0.02,0.6,12.25,adpcm_ima_escape,22050,1,446292,20.24,0.0,0,0,1
fre,cam3/cam3b,783823,16e5848f7342ec79a16267bc892ee174d3bfba466debd555906900a6bddceec5,escape130,320,240,yuv420p,12.5,86,6.88,86,0.0,0.0,12.5,adpcm_ima_escape,22050,1,151704,6.88,0.0,0,0,1
fre,cam3/cam3bg,4889720,520e81c425c555a7d0c5a3a4c8e7328518ec77b6a3dba74b4be676b77c35b866,escape130,320,240,yuv420p,12.5,215,17.2,203,0.056,0.583,11.8,adpcm_ima_escape,22050,1,379260,17.2,0.0,0,0,1
fre,cam3/cam3bpl,1941297,1f99ced574a1ad5fec3e48b38e9b9eb3b01d5c7652ead7e923fbb2c9e2f4ea39,escape130,320,240,yuv420p,12.5,152,12.16,152,0.0,0.0,12.5,adpcm_ima_escape,22050,1,268128,12.16,0.0,0,0,1
fre,cam3/cam3cbet,2481490,5a0d9f2877ee5e7e4b911fe9b0c9ce93dd6d06ff42e5e250835e91dffb3c4191,escape130,320,240,yuv420p,12.5,112,8.96,112,0.0,0.0,12.5,adpcm_ima_escape,22050,1,197568,8.96,0.0,0,0,1
fre,cam3/cam3cpl1,558327,f45dd7bdd66c4efdf0fef272500cfd0eb6dd2c12f7b35f49de936252b00ce6bb,escape130,320,240,yuv420p,12.5,25,2.0,25,0.0,0.0,12.5,adpcm_ima_escape,22050,1,44100,2.0,0.0,0,0,1
fre,cam3/cam3cpl2,642747,64e04fda1c56833e68a06e6ce3090d942926a25938c6208c71146b9128208195,escape130,320,240,yuv420p,12.5,39,3.12,39,0.0,0.0,12.5,adpcm_ima_escape,22050,1,68796,3.12,0.0,0,0,1
fre,cam3/cam3cpl3,904179,e22e319d812c59761d695faf16d51d0c6ccb604bd71af5c7a42a1a4ed47700d2,escape130,320,240,yuv420p,12.5,60,4.8,60,0.0,0.0,12.5,adpcm_ima_escape,22050,1,105840,4.8,0.0,0,0,1
fre,cam3/cam3int,6725636,4f6e16dba1643815f2337a6f33ad8b352665c3219d661dc456d0c3a568f719a0,escape130,320,240,yuv420p,12.5,410,32.8,408,0.005,1.0,12.44,adpcm_ima_escape,22050,1,723240,32.8,0.0,0,0,1
fre,cam3/cam3intb,1362642,86a5276ca83de8ae40797efc3b64d676c589d0c3874b44eccd62deee38ea9561,escape130,320,240,yuv420p,12.5,164,13.12,126,0.232,0.5,9.6,adpcm_ima_escape,22050,1,289296,13.12,0.0,0,0,1
fre,cam3/cam3intp,2826542,fd156ff8232deeb9a6ba5f2f2a126cf3496222cda5b249b5a9f7aec813d97647,escape130,320,240,yuv420p,12.5,183,14.64,183,0.0,0.0,12.5,adpcm_ima_escape,22050,1,322812,14.64,0.0,0,0,1
fre,cam_start,1121212,9f5e54767c31b502a120518266be267e9f3f54279836e9345127fd8f0313c581,escape130,320,240,yuv420p,25.0,100,4.0,100,0.0,0.0,25.0,,,,,,,0,0,0
fre,devastation,19187269,3db3c7c8b9ba9d47633da2533eec3ee0565a10c0917822b2147dc19cba63abe1,escape130,320,240,yuv420p,12.5,1524,121.92,1282,0.159,0.512,10.52,adpcm_ima_escape,22050,1,2688336,121.92,0.0,0,0,1
fre,eidos-logo,2826285,7dbbf29a55a99481b0a16e4954a481ada5bfe0c818756a1e0e72285f6ef78686,escape130,320,240,yuv420p,25.0,378,15.12,220,0.418,0.532,14.55,pcm_s16le,22050,1,333396,15.12,0.0,0,0,1
fre,end,383540,c04207dbc5fd0008b602c274b0b8d465366b3f0603efe1dcd00f087f008016f1,escape130,320,240,yuv420p,12.5,26,2.08,16,0.385,0.5,7.69,adpcm_ima_escape,22050,1,45864,2.08,0.0,0,0,1
fre,factory,18585466,95a3e1bb8a86b664e7a04fb422ddaf32fcf0002fa3588c7a8f9fffb8776ece11,escape130,320,240,yuv420p,25.0,1060,42.4,1012,0.045,0.542,23.87,pcm_s16le,22050,2,934920,42.4,0.0,0,0,1
fre,fastplay,1412798,20b9e1de691821bd741ab24bb78ea56ba4171ee69438b186d0a0b14f9267af63,escape130,320,240,yuv420p,12.5,95,7.6,95,0.0,0.0,12.5,adpcm_ima_escape,22050,1,167580,7.6,0.0,0,0,1
fre,incomint,698418,02425dec9c98c5f59d9e1c1ba4ea04e91dcd2791324d5b6ee465ecb387fc83ad,escape130,320,240,yuv420p,12.5,43,3.44,43,0.0,0.0,12.5,adpcm_ima_escape,22050,1,75852,3.44,0.0,0,0,1
fre,incomtns,554819,eef9a41bfa8086c52fe3d658290535f384ee2aaa3d2ebf646e025fbf1cfd13a4,escape130,320,240,yuv420p,12.5,34,2.72,34,0.0,0.0,12.5,adpcm_ima_escape,22050,1,59976,2.72,0.0,0,0,1
fre,inflight,1472796,cf3c31073b642a355602205cf59a085f6c58a46e762e17d6f238a55d5f42ec70,escape130,320,240,yuv420p,25.0,151,6.04,151,0.0,0.0,25.0,adpcm_ima_escape,22050,2,133182,6.04,0.0,0,0,1
fre,nexend,731533,edfc29df176c2ebfcd60c9f48ebc138604d53837b1c92d7967a65cda6fc7d7f7,escape130,320,240,yuv420p,25.0,25,1.0,24,0.04,1.0,24.0,,,,,,,0,0,0
fre,npend,767814,a945a2557afd307b1dd56c3dfebd370f5ee80237056b600eee53a1e703521de6,escape130,320,240,yuv420p,25.0,25,1.0,24,0.04,1.0,24.0,,,,,,,0,0,0
fre,npstart,993288,6757f5ac928c2c056c27aa7063465321fc6280a623a283947bce3169919ab025,escape130,320,240,yuv420p,25.0,201,8.04,130,0.353,0.521,16.17,,,,,,,0,0,0
fre,outro,12571753,68a308d5657efb3131ccab28878ece558446546f103e49f832431dd050963652,escape130,320,240,yuv420p,12.5,688,55.04,617,0.103,0.535,11.21,adpcm_ima_escape,22050,1,1213632,55.04,0.0,0,0,1
fre,player,691583,b3880164596461f4125c23f03739df2de8f9ad26b75cb262b0e14faf3c092e70,escape130,320,240,yuv420p,25.0,50,2.0,50,0.0,0.0,25.0,,,,,,,0,0,0
fre,plyr4sec,1413050,cc529bf837fb61c3f291e3e212e95a9820a9eec83320ebdc5f0192750ff61b84,escape130,320,240,yuv420p,25.0,99,3.96,99,0.0,0.0,25.0,adpcm_ima_escape,22050,1,87318,3.96,0.0,0,0,1
fre,prjupdat,587293,846fb40d4c2f2501558a94544f3dbc28a39af948001dbfe6a1e753259a8eba11,escape130,320,240,yuv420p,12.5,36,2.88,36,0.0,0.0,12.5,adpcm_ima_escape,22050,1,63504,2.88,0.0,0,0,1
fre,pumpkin,2658350,b9f495a8140dfa9518804ffa12a062b1ea84978e7539a99636b22d56e52e39b2,escape130,320,240,yuv420p,25.0,191,7.64,175,0.084,0.562,22.91,pcm_s16le,44100,2,336924,7.64,0.0,0,0,1
fre,res_com,1086316,42a7a65fae65d6dcce35a5ddac40c6c6caa208d78366a6021fa11df850f43593,escape130,192,168,yuv420p,25.0,178,7.12,101,0.433,0.519,14.19,,,,,,,0,0,0
fre,res_droid,758784,d2e576e33cf4bede3bc4e8fb52754f9eca50f446d7b1daa4370a3a5b15484c29,escape130,192,168,yuv420p,25.0,178,7.12,100,0.438,0.513,14.04,,,,,,,0,0,0
fre,res_pow,754040,91306f05a7af5ec0245469484be54f0de950007b34c418b15888b9fa50efd872,escape130,192,168,yuv420p,25.0,178,7.12,99,0.444,0.506,13.9,,,,,,,0,0,0
fre,res_struttech,574513,61ab7809991567359a676cde41eaae1cafbecc77a869cb4ba0d6985a23ba6e0d,escape130,192,168,yuv420p,25.0,178,7.12,101,0.433,0.519,14.19,,,,,,,0,0,0
fre,res_systech,855778,2519233b96a94e2347bc87da4319059839ab807f9e12ffc529c21ce3f4435236,escape130,192,168,yuv420p,25.0,178,7.12,100,0.438,0.513,14.04,,,,,,,0,0,0
fre,res_weapons,670314,b736ff19ad215fd3e2780a63e59238c0eccf2f99a9eb7a1637a40afac6aff728,escape130,192,168,yuv420p,25.0,157,6.28,100,0.363,1.0,15.92,,,,,,,0,0,0
fre,titles,6279150,f790c4e8d34ec5ec81a0e2d6484ee3c4708da5ded50de6e375c8e0446a5a9704,escape130,320,240,yuv420p,25.0,510,20.4,385,0.245,0.544,18.87,pcm_s16le,22050,2,449820,20.4,0.0,0,0,1
fre,transport,1693522,37f6678f556ef78060e2902ea6eb7ff34d1403fd2482e51bb7036f34f9bbf8cb,escape130,320,240,yuv420p,12.5,160,12.8,101,0.369,0.508,7.89,adpcm_ima_escape,22050,1,282240,12.8,0.0,0,0,1
fre,victory,347710,4671c23ea42237606028677affb9ef813d1875d503709672f74e0ad8d4906977,escape130,320,240,yuv420p,12.5,25,2.0,18,0.28,0.571,9.0,adpcm_ima_escape,22050,1,44100,2.0,0.0,0,0,1
ger,brfcom,587293,863a417e6c45d229cb0be5b03a56fb2e5cfcd43f60c05041ced9ba8813a11624,escape130,320,240,yuv420p,12.5,36,2.88,36,0.0,0.0,12.5,adpcm_ima_escape,22050,1,63504,2.88,0.0,0,0,1
ger,brfcom4s,808135,103e6aacc3c4b875a29e3fd3d5206bb2ddf87ad2ae0a938ae41fddb2e2b2ad3a,escape130,320,240,yuv420p,12.5,50,4.0,50,0.0,0.0,12.5,adpcm_ima_escape,22050,1,88200,4.0,0.0,0,0,1
ger,c001,16901222,c2930e216819a1070e10d09ad55276eb647843a0ae296ffaa2e341cd996169e4,escape130,320,240,yuv420p,25.0,1677,67.08,1593,0.05,0.643,23.75,adpcm_ima_escape,22050,1,1479114,67.08,0.0,0,0,1
ger,cam1/c001,11489319,e0938dca5cf7e9d3782cf5b57d93f144a001c6b367cdae23ab95cb6e4460185c,escape130,320,240,yuv420p,12.5,926,74.08,879,0.051,0.511,11.87,adpcm_ima_escape,22050,1,1633464,74.08,0.0,0,0,1
ger,cam1/c001end,9361060,e803f09b3152ac435ead5e31aad9213ab13b446e466fa0ffcec9290a302e9080,escape130,320,240,yuv420p,12.5,421,33.68,421,0.0,0.0,12.5,adpcm_ima_escape,22050,1,742644,33.68,0.0,0,0,1
ger,cam1/c001pl,776789,2697e3b90a5b9b856f58ecdea9762229322c44af76019a76e90ea963c7a1e263,escape130,320,240,yuv420p,12.5,48,3.84,48,0.0,0.0,12.5,adpcm_ima_escape,22050,1,84672,3.84,0.0,0,0,1
ger,cam1/cam1,2898431,80f4e5608fbb3513f8239a6131dcd610a9049def816265d9e4933c17208689d8,escape130,320,240,yuv420p,12.5,293,23.44,201,0.314,0.5,8.58,adpcm_ima_escape,22050,1,516852,23.44,0.0,0,0,1
ger,cam1/cam1ac,1932571,5064a944c29883c4468ce7e13bf9c087830c10a8decd5bb0db5945ea8d10536b,escape130,320,240,yuv420p,12.5,150,12.0,150,0.0,0.0,12.5,adpcm_ima_escape,22050,1,264600,12.0,0.0,0,0,1
ger,cam1/cam1acp,1926235,d17a87f22b815e7d7daa85d2676dcaad5a324066f861e95c45932097a150b188,escape130,320,240,yuv420p,12.5,119,9.52,119,0.0,0.0,12.5,adpcm_ima_escape,22050,1,209916,9.52,0.0,0,0,1
ger,cam1/cam1ascv,1582714,4c77a94e92bf8066c26d8ac727972342139d0ea018365b5a64f4a4b6d0cc84b6,escape130,320,240,yuv420p,12.5,122,9.76,101,0.172,0.524,10.35,adpcm_ima_escape,22050,1,215208,9.76,0.0,0,0,1
ger,cam1/cam1b,3255300,95837cd6b51334a50318470c3b73c824dec1c9fb1af43dee353bb5fb0504d4ce,escape130,320,240,yuv420p,12.5,217,17.36,217,0.0,0.0,12.5,adpcm_ima_escape,22050,1,382788,17.36,0.0,0,0,1
ger,cam1/cam1b_p,1758623,683c8b4ec8d9cb4805a0607cfb1ddee4298957653c4b61bc4a76dacf6bd9bdb1,escape130,320,240,yuv420p,12.5,109,8.72,109,0.0,0.0,12.5,adpcm_ima_escape,22050,1,192276,8.72,0.0,0,0,1
ger,cam1/cam1bpow,1495913,d99fc98911c4764bfb7a6a5a01a6734225a97141d475db86030d8fc69d9afdfa,escape130,320,240,yuv420p,12.5,184,14.72,161,0.125,0.522,10.94,adpcm_ima_escape,22050,1,324576,14.72,0.0,0,0,1
ger,cam1/cam1ca,4136435,f78a8615a5de826f7b4ffb4c65213287604d7b442019535504d977800d6d0f3f,escape130,320,240,yuv420p,12.5,227,18.16,227,0.0,0.0,12.5,adpcm_ima_escape,22050,1,400428,18.16,0.0,0,0,1
ger,cam1/cam1capl,3326911,5c1725f44ec360e1ccca973c22120bd736c49009f7555a00bd9b226f2a109170,escape130,320,240,yuv420p,12.5,205,16.4,205,0.0,0.0,12.5,adpcm_ima_escape,22050,1,361620,16.4,0.0,0,0,1
ger,cam1/cam1ccf,2558071,a3ab8ae4a20bedf79f1648ad390dbd0268bcf8d72df9e71db94c6e429d1ea0ff,escape130,320,240,yuv420p,12.5,252,20.16,201,0.202,0.51,9.97,adpcm_ima_escape,22050,1,444528,20.16,0.0,0,0,1
ger,cam1/cam1ccom,2951995,fb952b6448514e6bc4adc420bf945334b6ae2e99572d43214cf7cc4f2381eb46,escape130,320,240,yuv420p,12.5,295,23.6,277,0.061,0.556,11.74,adpcm_ima_escape,22050,1,520380,23.6,0.0,0,0,1
ger,cam1/cam1clz,2517677,1127dab382d0f7b620d1b334b4a0d0e4521f653c7c7063861886fb9b56483cad,escape130,320,240,yuv420p,12.5,174,13.92,171,0.017,0.667,12.28,adpcm_ima_escape,22050,1,306936,13.92,0.0,0,0,1
ger,cam1/cam1cnp,1485769,27f99ef5b9472f4b1795e7efd5c1a6a7c3105a3d2692edce556cdff484a4d83d,escape130,320,240,yuv420p,12.5,255,20.4,70,0.725,0.503,3.43,adpcm_ima_escape,22050,1,449820,20.4,0.0,0,0,1
ger,cam1/cam1d,2159304,65c568829c0bbc86c76221b96cc9c349fd67c2a9c94f97afcea43fd53cbf7a14,escape130,320,240,yuv420p,12.5,178,14.24,151,0.152,0.519,10.6,adpcm_ima_escape,22050,1,313992,14.24,0.0,0,0,1
ger,cam1/cam1dnp,1277899,b5e837282094368ef0ef21be791600c2147cbce25b786819d769ce5853ee5d1c,escape130,320,240,yuv420p,12.5,205,16.4,70,0.659,0.504,4.27,adpcm_ima_escape,22050,1,361620,16.4,0.0,0,0,1
ger,cam1/cam1dp1,1346671,85f69759765577f820efa1de292df9e059d2b6b6db510b13a54853c7d9258308,escape130,320,240,yuv420p,12.5,83,6.64,83,0.0,0.0,12.5,adpcm_ima_escape,22050,1,146412,6.64,0.0,0,0,1
ger,cam1/cam1dp2,1742767,7e2cea143d74e8e5d42222c5e2fcf603e7c9ed416a159a4f892a6485aa8d7174,escape130,320,240,yuv420p,12.5,108,8.64,108,0.0,0.0,12.5,adpcm_ima_escape,22050,1,190512,8.64,0.0,0,0,1
ger,cam1/cam1out1,5230978,47c73710a4cee438fb6d68fa1c76c57bc1a7af42e2836200568ef927f9daf0fd,escape130,320,240,yuv420p,12.5,328,26.24,328,0.0,0.0,12.5,adpcm_ima_escape,22050,1,578592,26.24,0.0,0,0,1
ger,cam1/cam1out2,5292722,0e9c9075d709ed242c9dfbc49d2517c85108d6445b11c220b3db43d7b4f35108,escape130,320,240,yuv420p,12.5,470,37.6,462,0.017,0.75,12.29,adpcm_ima_escape,22050,1,829080,37.6,0.0,0,0,1
ger,cam1/cam1out3,698418,0cc141b6aee6073f1f3e64714aa1cedc573b2b9e531068cb2955437bacd88b1f,escape130,320,240,yuv420p,12.5,43,3.44,43,0.0,0.0,12.5,adpcm_ima_escape,22050,1,75852,3.44,0.0,0,0,1
ger,cam1/cam1out4,3679194,37d357ca9b6372e103be3a14c1c7f19b8e763ee08c661b108ec85bfcbac200db,escape130,320,240,yuv420p,12.5,345,27.6,318,0.078,0.556,11.52,adpcm_ima_escape,22050,1,608580,27.6,0.0,0,0,1
ger,cam1/cam1out5,7920479,c48de630fce78fe8a8262b2b22bfa5d0b55e1000a7554c3cb148960049fef5ca,escape130,320,240,yuv420p,12.5,516,41.28,516,0.0,0.0,12.5,adpcm_ima_escape,22050,1,910224,41.28,0.0,0,0,1
ger,cam1/cam1out6,776789,d803bf6e0502f6112ecb8479ddb7c31527a07fb1b4f8b0726ecd183308b8f489,escape130,320,240,yuv420p,12.5,48,3.84,48,0.0,0.0,12.5,adpcm_ima_escape,22050,1,84672,3.84,0.0,0,0,1
ger,cam1/map1a_c,8709628,521aeaf0d9dd12f636b96ef522e3b66023372801c61880ea95823b4b5ab7fadf,escape130,320,240,yuv420p,12.5,1028,82.24,970,0.056,0.517,11.79,adpcm_ima_escape,22050,1,1813392,82.24,0.0,0,0,1
ger,cam1/map1c,2312992,bc758ba514f6cca8deb374ad9bc5c16f5828a18f185f18ee31f0ed3a667023b9,escape130,320,240,yuv420p,12.5,156,12.48,101,0.353,0.509,8.09,adpcm_ima_escape,22050,1,275184,12.48,0.0,0,0,1
ger,cam1/map1cexp,5835059,1b2bad35f422ae311ca430f09d8cf72e39a424825028a07bd13193419658a151,escape130,320,240,yuv420p,12.5,592,47.36,353,0.404,0.51,7.45,adpcm_ima_escape,22050,1,1044288,47.36,0.0,0,0,1
ger,cam1/sub12pt2,2049207,83f612c635bc43b123b2b69dfe69eceaeb2ff1b7ff0295847d266a6c821f2779,escape130,320,240,yuv420p,12.5,120,9.6,101,0.158,0.526,10.52,adpcm_ima_escape,22050,1,211680,9.6,0.0,0,0,1
ger,cam1/sub13bet,3811918,e955b1614d4ea00f2c7b80cb54b9f066e21cc085281ad8a494da218fad8f35af,escape130,320,240,yuv420p,12.5,240,19.2,240,0.0,0.0,12.5,adpcm_ima_escape,22050,1,423360,19.2,0.0,0,0,1
ger,cam1/sub13gam,2229383,485d9bc0440d9681a4ea7cf259e9b82c4e92f4d8bc7fce4ecc181a433e59a9a9,escape130,320,240,yuv420p,12.5,143,11.44,142,0.007,1.0,12.41,adpcm_ima_escape,22050,1,252252,11.44,0.0,0,0,1
ger,cam1/sub13np1,1619091,879c3e015fab00c8d98d6490acd828fda287a8e2e81889ea719eea31b3a719ee,escape130,320,240,yuv420p,12.5,290,23.2,70,0.759,0.5,3.02,adpcm_ima_escape,22050,1,511560,23.2,0.0,0,0,1
ger,cam1/sub13np2,1333978,19628cf6a0421c009cf5d8883d1f08b9939674021a2a9b83fde8977eacc71343,escape130,320,240,yuv420p,12.5,222,17.76,70,0.685,0.5,3.94,adpcm_ima_escape,22050,1,391608,17.76,0.0,0,0,1
ger,cam1/sub14anp,1098808,bcc54469c97fa48550cc979f3c4ec9eb42252bbdd2ba24286abba8c8ad742bd1,escape130,320,240,yuv420p,12.5,167,13.36,70,0.581,0.505,5.24,adpcm_ima_escape,22050,1,294588,13.36,0.0,0,0,1
ger,cam1/sub14bpl,1008171,62f5c7c507c645c98e2a0a2fbf54ab1b4a729cde0394f229734b4584182baf02,escape130,320,240,yuv420p,12.5,62,4.96,62,0.0,0.0,12.5,adpcm_ima_escape,22050,1,109368,4.96,0.0,0,0,1
ger,cam1/sub17fmv,13119141,95a4311fc99c61b00f35ae3b42347b105a452e6e8c44bc13cb013502c7a73187,escape130,320,240,yuv420p,12.5,795,63.6,789,0.008,0.5,12.41,adpcm_ima_escape,22050,1,1402380,63.6,0.0,0,0,1
ger,cam1/sub1_1,4387502,2b7fdbacfd0769c3d35d2181377ff014faa7e4308a822447d644a1f615353eb2,escape130,320,240,yuv420p,12.5,329,26.32,272,0.173,0.509,10.33,adpcm_ima_escape,22050,1,580356,26.32,0.0,0,0,1
ger,cam1/sub1_1p,860756,41d6e45a5d0535b3f83fe0c85ee6e2cc274cb71f0fce839091fc6f7ab67dd159,escape130,320,240,yuv420p,12.5,53,4.24,53,0.0,0.0,12.5,adpcm_ima_escape,22050,1,93492,4.24,0.0,0,0,1
ger,cam1/sub1_2,6137777,45ca1512d26bebd774276a5e9ad79f8ec3f6c22bb25a62e4121a31a5c90cee67,escape130,320,240,yuv420p,12.5,395,31.6,365,0.076,0.5,11.55,adpcm_ima_escape,22050,1,696780,31.6,0.0,0,0,1
ger,cam1/sub1_3,4528665,15cbb33c7794bad81c984ab806bc16a1fbcb672870b4e019bfda20546c4df639,escape130,320,240,yuv420p,12.5,296,23.68,269,0.091,0.519,11.36,adpcm_ima_escape,22050,1,522144,23.68,0.0,0,0,1
ger,cam1/sub1_3p1,860756,5a7225629bd8e485d3981e0d732c30c08d9042391dbdb7cf39991bf657926bcc,escape130,320,240,yuv420p,12.5,53,4.24,53,0.0,0.0,12.5,adpcm_ima_escape,22050,1,93492,4.24,0.0,0,0,1
ger,cam1/sub1_4,2488481,3e762d907760dce70c3480f497bf9c8b66b4314123502d162b1f8cdca8cdf16b,escape130,320,240,yuv420p,12.5,218,17.44,150,0.312,0.515,8.6,adpcm_ima_escape,22050,1,384552,17.44,0.0,0,0,1
ger,cam1/sub1_4b,2564195,3b93658545d99be9871b519dc21c019d64f187077624bc1cf4737da3506e7b16,escape130,320,240,yuv420p,12.5,185,14.8,160,0.135,0.52,10.81,adpcm_ima_escape,22050,1,326340,14.8,0.0,0,0,1
ger,cam1/sub1_4bn,2279924,f8659fb89760ffa6c82afd06dfd07f282a81268ada189593bd34624487d6fcb3,escape130,320,240,yuv420p,12.5,151,12.08,66,0.563,0.518,5.46,adpcm_ima_escape,22050,1,266364,12.08,0.0,0,0,1
ger,cam1/sub1_4pl,1180783,f1c4d180217944aeaa3ee7d1cb5b5a6c0f4962fce340a59fd96b6be3e3035499,escape130,320,240,yuv420p,12.5,73,5.84,73,0.0,0.0,12.5,adpcm_ima_escape,22050,1,128772,5.84,0.0,0,0,1
ger,cam1/sub1_5,2604802,f1253c7ba9a32996da5e403f748a035f672c8b684f7b2893fdbd12f443bd3f50,escape130,320,240,yuv420p,12.5,227,18.16,201,0.115,0.5,11.07,adpcm_ima_escape,22050,1,400428,18.16,0.0,0,0,1
ger,cam1/sub1_5pl,1926235,103434107d3fe0e4e0d13c2a0bd46e2712ed985fa0f4291921ca5503eff66ff2,escape130,320,240,yuv420p,12.5,119,9.52,119,0.0,0.0,12.5,adpcm_ima_escape,22050,1,209916,9.52,0.0,0,0,1
ger,cam1/sub1_7,1880425,4402ad7aed02276dba20a916223bce67c7ad41a86e004cccacc60b9cb3f70af0,escape130,320,240,yuv420p,12.5,168,13.44,101,0.399,0.507,7.51,adpcm_ima_escape,22050,1,296352,13.44,0.0,0,0,1
ger,cam1/sub1_7b,1513452,00591e787170a632b19b593cdd452d90f00e3244572b34376a6f7580411ed033,escape130,320,240,yuv420p,12.5,117,9.36,101,0.137,0.5,10.79,adpcm_ima_escape,22050,1,206388,9.36,0.0,0,0,1
ger,cam1/sub1_7pl,6246603,e3c86f2a0463a7b25d6c9269075155e2b6f13aa2ea0926b8f512d34ba6b0c324,escape130,320,240,yuv420p,12.5,385,30.8,385,0.0,0.0,12.5,adpcm_ima_escape,22050,1,679140,30.8,0.0,0,0,1
ger,cam2/c002,16413387,468943b464c8a4423e6d247f71a4b3fea4e78baf0c8ac4cbac71d663fbbaa3d2,escape130,320,240,yuv420p,12.5,1114,89.12,946,0.151,0.512,10.61,adpcm_ima_escape,22050,1,1965096,89.12,0.0,0,0,1
ger,cam2/c2diif2,3224463,db44d2646dcabeee1c790cc2fb3c9f35dc8dafc480eab9c3cc0ff79f53e7abaa,escape130,320,240,yuv420p,12.5,200,16.0,200,0.0,0.0,12.5,adpcm_ima_escape,22050,1,352800,16.0,0.0,0,0,1
ger,cam2/cam22fmv,17970931,927740ce11e04999624987135d3f13ab2bad745a95394132137f55448a1494ba,escape130,320,240,yuv420p,12.5,1097,87.76,1029,0.062,0.544,11.73,adpcm_ima_escape,22050,1,1935108,87.76,0.0,0,0,1
ger,cam2/cam22pl1,3499207,d043e993e7e9cbfbda132175b2d8c75c180c8d8e35fd2182e4888bf8699cba3d,escape130,320,240,yuv420p,12.5,216,17.28,216,0.0,0.0,12.5,adpcm_ima_escape,22050,1,381024,17.28,0.0,0,0,1
ger,cam2/cam22pl2,1552091,fbd73c052b65fb5b2b5e11b9a17848a5d896175757d28a320fe1fd3f0b2c5835,escape130,320,240,yuv420p,12.5,96,7.68,96,0.0,0.0,12.5,adpcm_ima_escape,22050,1,169344,7.68,0.0,0,0,1
ger,cam2/cam22pl3,1378023,5042cacfde4ef4855422a3e2199a59154df9c9098ddea4adeb6621aaf2c0e4c5,escape130,320,240,yuv420p,12.5,85,6.8,85,0.0,0.0,12.5,adpcm_ima_escape,22050,1,149940,6.8,0.0,0,0,1
ger,cam2/cam26afm,15529316,95f86733051cd97e084ee57ef11ef45504497471f450d1399691ddacb82e1c2a,escape130,320,240,yuv420p,12.5,655,52.4,641,0.021,0.571,12.23,adpcm_ima_escape,22050,1,1155420,52.4,0.0,0,0,1
ger,cam2/cam26bfm,4136136,b216aa0bcc91e0c0f0e920578d240f847efaadf6e4774c2a2fd8d88b11f8fd27,escape130,320,240,yuv420p,12.5,307,24.56,274,0.107,0.576,11.16,adpcm_ima_escape,22050,1,541548,24.56,0.0,0,0,1
ger,cam2/cam26pl1,3647427,f1f6b9aa5b98ffff815392eb38d049065f6f2bf6d56823bc68ef652976e8b142,escape130,320,240,yuv420p,12.5,225,18.0,225,0.0,0.0,12.5,adpcm_ima_escape,22050,1,396900,18.0,0.0,0,0,1
ger,cam2/cam26pl2,2446963,a2e1da59e4213ba035c1de791fd7e928ba9f15832c53570631ab1085055fa127,escape130,320,240,yuv420p,12.5,151,12.08,151,0.0,0.0,12.5,adpcm_ima_escape,22050,1,266364,12.08,0.0,0,0,1
ger,cam2/cam27fmv,3590257,ceba2e3dcc8241f971e295c341426723f8e5e12f8b5936e418e79b73b3b9cf64,escape130,320,240,yuv420p,12.5,309,24.72,284,0.081,0.52,11.49,adpcm_ima_escape,22050,1,545076,24.72,0.0,0,0,1
ger,cam2/cam28apl,1742767,862a85b47e3cfd4f5a7fd2e60570bbd594158ae8ff6aec65be479843d52a767a,escape130,320,240,yuv420p,12.5,108,8.64,108,0.0,0.0,12.5,adpcm_ima_escape,22050,1,190512,8.64,0.0,0,0,1
ger,cam2/cam2_1,2675105,2d1834c6e5eae4b2d34a384959d2cbe1e4803b1ac6ce0379527146c1c6c19c6d,escape130,320,240,yuv420p,12.5,198,15.84,151,0.237,0.511,9.53,adpcm_ima_escape,22050,1,349272,15.84,0.0,0,0,1
ger,cam2/cam2_2,3076076,56f34d1bc63d5034e684a3596bd2de3b7d2cb61f52810f6882ffb70382b0f6e1,escape130,320,240,yuv420p,12.5,260,20.8,226,0.131,0.5,10.87,adpcm_ima_escape,22050,1,458640,20.8,0.0,0,0,1
ger,cam2/cam2_2n,2267350,f772eb04d002df0b19c497f714dcd23d3c603fd5b716eb6b30fa66fc0f91a385,escape130,320,240,yuv420p,12.5,330,26.4,287,0.13,0.535,10.87,adpcm_ima_escape,22050,1,582120,26.4,0.0,0,0,1
ger,cam2/cam2_2n2,1427260,203ddc7e151e14acc62b27ebbc012cb7b9154a7406920264dcac9403b829515d,escape130,320,240,yuv420p,12.5,132,10.56,123,0.068,0.667,11.65,adpcm_ima_escape,22050,1,232848,10.56,0.0,0,0,1
ger,cam2/cam2_5,1630603,eea8f4d18058b4853969e99d99f27a2f78c06750517eb2656be1c194d10cfef2,escape130,320,240,yuv420p,12.5,179,14.32,149,0.168,0.5,10.41,adpcm_ima_escape,22050,1,315756,14.32,0.0,0,0,1
ger,cam2/cam2_5pl,2806963,ea42b585c5407f7e3d9abe145b44d914f88aae19e590a1f12672361590e1cf86,escape130,320,240,yuv420p,12.5,173,13.84,173,0.0,0.0,12.5,adpcm_ima_escape,22050,1,305172,13.84,0.0,0,0,1
ger,cam2/cam2_6a,1790298,0868f84d2332acaec60873526f8d3da2c21d7855556156ea565fd56d873bad7d,escape130,320,240,yuv420p,12.5,158,12.64,151,0.044,0.571,11.95,adpcm_ima_escape,22050,1,278712,12.64,0.0,0,0,1
ger,cam2/cam2_6b,1419944,826c1d5d8e6c89a7b7f630f448ea5db1fa119aa778b3857ba86c4add10482246,escape130,320,240,yuv420p,12.5,124,9.92,124,0.0,0.0,12.5,adpcm_ima_escape,22050,1,218736,9.92,0.0,0,0,1
ger,cam2/cam2_7,3010774,0c1c8812d1d15808d4e91bd049fddcdd6080c9b1bc968be32264597a54c6a79a,escape130,320,240,yuv420p,12.5,206,16.48,200,0.029,0.5,12.14,adpcm_ima_escape,22050,1,363384,16.48,0.0,0,0,1
ger,cam2/cam2_8a,2588598,a4124f16d50ea56e1eac1b9832838d29b18218d8c185ca04cfb44eedf4cd7e9b,escape130,320,240,yuv420p,12.5,209,16.72,204,0.024,0.6,12.2,adpcm_ima_escape,22050,1,368676,16.72,0.0,0,0,1
ger,cam2/cam2_di,4162719,18caf328e863aa55a3afdcb19ebd13bb0d42b8600beab352bc8f6aec6b981193,escape130,320,240,yuv420p,12.5,300,24.0,299,0.003,1.0,12.46,adpcm_ima_escape,22050,1,529200,24.0,0.0,0,0,1
ger,cam2/cam2_diib,4443320,4616aa16e6d3b46d5f280a9c85d48224c9673b2ce3ca9abe658b1e78688720d2,escape130,320,240,yuv420p,25.0,493,19.72,493,0.0,0.0,25.0,adpcm_ima_escape,22050,1,434826,19.72,0.0,0,0,1
ger,cam2/cam2acol,2668052,41de3160bf3770dddb99e103e1c43a2b80a0e7865efd1325cc1fe6610f224634,escape130,320,240,yuv420p,12.5,213,17.04,213,0.0,0.0,12.5,adpcm_ima_escape,22050,1,375732,17.04,0.0,0,0,1
ger,cam2/cam2ap,1474551,7ff7c3db936078d8d5623d60c1a010e3f8ac0c2ee7fc26c8ac0de8af980ee77b,escape130,320,240,yuv420p,12.5,91,7.28,91,0.0,0.0,12.5,adpcm_ima_escape,22050,1,160524,7.28,0.0,0,0,1
ger,cam2/cam2ap1,1521031,a851111b8f7deb99adea6be1ecb43f245f233f458a1ee1984dae2f555cd51d1c,escape130,320,240,yuv420p,12.5,94,7.52,94,0.0,0.0,12.5,adpcm_ima_escape,22050,1,165816,7.52,0.0,0,0,1
ger,cam2/cam2b,2124851,8498b141d3aee1c77761cfb7933030308f2d3d25dfff2c56396e7044a874003b,escape130,320,240,yuv420p,12.5,181,14.48,151,0.166,0.5,10.43,adpcm_ima_escape,22050,1,319284,14.48,0.0,0,0,1
ger,cam2/cam2bcol,4404655,1bb888f95fbb22e0a6012c5c5cb2a4f1beff4873ad5a1ae1fbfce6763e0b67c3,escape130,320,240,yuv420p,12.5,389,31.12,389,0.0,0.0,12.5,adpcm_ima_escape,22050,1,686196,31.12,0.0,0,0,1
ger,cam2/cam2bpl,1583943,923fb663dc71b1018a8805e69031774ea7c717f8b56c15c6158517251ba04102,escape130,320,240,yuv420p,12.5,98,7.84,98,0.0,0.0,12.5,adpcm_ima_escape,22050,1,172872,7.84,0.0,0,0,1
ger,cam2/cam2ca,4081254,9cf453ae76e0ed0827d9e90e490623a5e2df76dcaadefb0f086fc80fdbfbee9b,escape130,320,240,yuv420p,12.5,265,21.2,264,0.004,1.0,12.45,adpcm_ima_escape,22050,1,467460,21.2,0.0,0,0,1
ger,cam2/cam2capl,2085371,9dc726ec9e1e07b27bac0de42f46174cfd817b97fbd8a481e1f456697142b3ce,escape130,320,240,yuv420p,12.5,129,10.32,129,0.0,0.0,12.5,adpcm_ima_escape,22050,1,227556,10.32,0.0,0,0,1
ger,cam2/cam2cb,1438007,a06b7a1b6c71725effdce7564b019243018bf6ae76e0f8bf8ed09a16fba30f8d,escape130,320,240,yuv420p,12.5,107,8.56,107,0.0,0.0,12.5,adpcm_ima_escape,22050,1,188748,8.56,0.0,0,0,1
ger,cam2/cam2cbpl,2199335,f25a4efc08aaee1479cf255926925d8063692239f21a0374b3dc6bae6b839c88,escape130,320,240,yuv420p,12.5,136,10.88,136,0.0,0.0,12.5,adpcm_ima_escape,22050,1,239904,10.88,0.0,0,0,1
ger,cam2/cam2dico,2561647,f299ff1b68ab405325e397ad9bc85cc68f7df93ed8062224a661060e804f7d37,escape130,320,240,yuv420p,12.5,201,16.08,201,0.0,0.0,12.5,adpcm_ima_escape,22050,1,354564,16.08,0.0,0,0,1
ger,cam2/cam2diib,2779457,4018df42c4bbb30e670428321d8a2f0245441f5f05aa3da19942e5a685b0feb1,escape130,320,240,yuv420p,12.5,243,19.44,243,0.0,0.0,12.5,adpcm_ima_escape,22050,1,428652,19.44,0.0,0,0,1
ger,cam2/cam2diif,2744752,41a8456a4eb237ec259d2c45bb1fe04a4e3fa08fb8945ddfdf33f29e4d57a60e,escape130,320,240,yuv420p,12.5,229,18.32,190,0.17,0.513,10.37,adpcm_ima_escape,22050,1,403956,18.32,0.0,0,0,1
ger,cam2/cam2diin,2194540,7d2e89300a0f3b3948e2c782dff0048a83b7e07bfc4cd4e394fe1cffe9958793,escape130,320,240,yuv420p,12.5,276,22.08,252,0.087,0.542,11.41,adpcm_ima_escape,22050,1,486864,22.08,0.0,0,0,1
ger,cam2/cam2diip,1129591,888ed16040c89811d395e291bceaf31f2e73fab6aa5a06a0eaa85e388afbdd06,escape130,320,240,yuv420p,12.5,70,5.6,70,0.0,0.0,12.5,adpcm_ima_escape,22050,1,123480,5.6,0.0,0,0,1
ger,cam2/cam2dipl,744939,3412d1185c9b6ff19e5e2843188a057e8a2817a411bc5059cd551b1343aa9800,escape130,320,240,yuv420p,12.5,46,3.68,46,0.0,0.0,12.5,adpcm_ima_escape,22050,1,81144,3.68,0.0,0,0,1
ger,cam2/cam2int1,26229193,9b6c2916f256653607755dfa43686e8d95732e4eb61330e0ebd133f1dfef9eb8,escape130,320,240,yuv420p,25.0,1468,58.72,1238,0.157,0.504,21.08,adpcm_ima_escape,22050,1,1294776,58.72,0.0,0,0,1
ger,cam2/cam2int2,12921247,99b0ee0b9325069676b917bb52fb7db4197f8a1592cfb92822b45f2ddbe4f836,escape130,320,240,yuv420p,25.0,1209,48.36,1166,0.036,0.628,24.11,adpcm_ima_escape,22050,1,1066338,48.36,0.0,0,0,1
ger,cam2/cam2inta,6963054,27e8710dc0c797e0fecaf80610b8b1a245fa8591f73ecc1636b92cff5d51df6f,escape130,320,240,yuv420p,12.5,337,26.96,200,0.407,0.504,7.42,adpcm_ima_escape,22050,1,594468,26.96,0.0,0,0,1
ger,cam2/cam2intb,2122880,a5c0922b2612fc776b9a97c769301d763da306b2dedc3a42c2b5dcd242a7c34c,escape130,320,240,yuv420p,12.5,148,11.84,141,0.047,0.571,11.91,adpcm_ima_escape,22050,1,261072,11.84,0.0,0,0,1
ger,cam2/cam2out,6431954,f3fb479d699e8f5e810798f8e79b8c729f4592376a29d1e438990e2bc231d3fc,escape130,320,240,yuv420p,12.5,341,27.28,329,0.035,0.5,12.06,adpcm_ima_escape,22050,1,601524,27.28,0.0,0,0,1
ger,cam3/c003,15584047,92a4de9b534a73f54c61c5a14e584bc25894da36f7b9f74e7eb9bcaf013f0751,escape130,320,240,yuv420p,12.5,840,67.2,835,0.006,0.8,12.43,adpcm_ima_escape,22050,1,1481760,67.2,0.0,0,0,1
ger,cam3/c3_d1_a,3680434,669a942ef60432ae10ade5241b5f095c8bf3b6f37b81989df58ac0623276aaee,escape130,320,240,yuv420p,12.5,163,13.04,135,0.172,0.5,10.35,adpcm_ima_escape,22050,1,287532,13.04,0.0,0,0,1
ger,cam3/c3_d1_b,2642163,c11014df8a33b734e75a90c6181f863957437c74bbec2d59cb5a97ca98c1cb1a,escape130,320,240,yuv420p,12.5,112,8.96,87,0.223,0.52,9.71,adpcm_ima_escape,22050,1,197568,8.96,0.0,0,0,1
ger,cam3/c3ad1pl1,2338050,28052cbcf8cd1a8b28f8d59dfffc395aef681bc6613b9ac7bfbc20ed9c74b356,escape130,320,240,yuv420p,12.5,129,10.32,129,0.0,0.0,12.5,adpcm_ima_escape,22050,1,227556,10.32,0.0,0,0,1
ger,cam3/c3ad1pl2,2889710,edc1c999ea254f23b61f0885b9e962563d9e2a0afd361c0165dad54318b81337,escape130,320,240,yuv420p,12.5,156,12.48,156,0.0,0.0,12.5,adpcm_ima_escape,22050,1,275184,12.48,0.0,0,0,1
ger,cam3/c3ad1pl3,1088422,01abf6efc070d5ffde89c9b185d5efd4dc588a5bcaa5aac6c450eefd7ac282eb,escape130,320,240,yuv420p,25.0,76,3.04,76,0.0,0.0,25.0,adpcm_ima_escape,22050,1,67032,3.04,0.0,0,0,1
ger,cam3/c3ad2_09,1633430,4b6f21943396c891c470bf32d1089a262581b041b42f0a8d4633dedbc3258b50,escape130,320,240,yuv420p,12.5,236,18.88,187,0.208,0.531,9.9,adpcm_ima_escape,22050,1,416304,18.88,0.0,0,0,1
ger,cam3/c3ad2_12,773627,b2c051ad3c12edd9072ac7f373acd0d716ef305d1c516f82cf5d3b567fc7d3f8,escape130,320,240,yuv420p,12.5,148,11.84,42,0.716,0.509,3.55,adpcm_ima_escape,22050,1,261072,11.84,0.0,0,0,1
ger,cam3/c3ad2_14,919137,ff39aaf39303c27f6d899713d2fefdfcad02b014e000969373d6795fb6dd7dc3,escape130,320,240,yuv420p,12.5,189,15.12,44,0.767,0.503,2.91,adpcm_ima_escape,22050,1,333396,15.12,0.0,0,0,1
ger,cam3/c3ad2_16,5469983,e6831fbed30db9ffe123e88f325789e606e3524f6871ce6e5e1e04e1141adbcb,escape130,320,240,yuv420p,12.5,381,30.48,334,0.123,0.511,10.96,adpcm_ima_escape,22050,1,672084,30.48,0.0,0,0,1
ger,cam3/c3ad2_17,9300944,51b75f727b3d0fd84aef0b8c14447697a1bebb3e10884dbe18c16a2bffb8b03e,escape130,320,240,yuv420p,25.0,565,22.6,482,0.147,0.518,21.33,adpcm_ima_escape,22050,1,498330,22.6,0.0,0,0,1
ger,cam3/c3ad2n2,1054990,1e70a61963c3064f5e8c613b19409455ec9fa71502cce09fc8407d53685d8d9e,escape130,320,240,yuv420p,12.5,109,8.72,67,0.385,0.524,7.68,adpcm_ima_escape,22050,1,192276,8.72,0.0,0,0,1
ger,cam3/c3ad2pl1,4313084,a20df027de6ecdce27d4aa64d22d1ee9b8480f99ce7fc747e6a9e936f5af4627,escape130,320,240,yuv420p,12.5,209,16.72,209,0.0,0.0,12.5,adpcm_ima_escape,22050,1,368676,16.72,0.0,0,0,1
ger,cam3/c3ad2pl2,3597371,9089ee41d3bc4a8b6eb8ebf2bc4582a7c6556bcce12a3b583445fa57a6181b5a,escape130,320,240,yuv420p,12.5,226,18.08,226,0.0,0.0,12.5,adpcm_ima_escape,22050,1,398664,18.08,0.0,0,0,1
ger,cam3/c3ad2pl3,1562397,dd3f6fb8d85e0f55b4ba58dd072c79598541a2396a763235baa6fa9bd50c83c4,escape130,320,240,yuv420p,12.5,96,7.68,70,0.271,0.5,9.11,adpcm_ima_escape,22050,1,169344,7.68,0.0,0,0,1
ger,cam3/c3ad2pl4,2898071,99bca0f3d85b5a140fdade4556f0a0fa50de3898b6f7025aac243a473fbd2bfd,escape130,320,240,yuv420p,12.5,179,14.32,179,0.0,0.0,12.5,adpcm_ima_escape,22050,1,315756,14.32,0.0,0,0,1
ger,cam3/c3c,2080079,8066ff2eb31fb289469f3ea676d75aff435cb0a55d7bc79f722c8728bf6db6b6,escape130,320,240,yuv420p,12.5,191,15.28,168,0.12,0.565,10.99,adpcm_ima_escape,22050,1,336924,15.28,0.0,0,0,1
ger,cam3/cam31bpl,2428027,e1b30ec62bd8e0e67b3110b5b2d594ae6d933ca1caa5139b0c8a112ad49186e0,escape130,320,240,yuv420p,12.5,150,12.0,150,0.0,0.0,12.5,adpcm_ima_escape,22050,1,264600,12.0,0.0,0,0,1
ger,cam3/cam31g2,2293344,34af603091893d01135be4d64c844e7ace0059554af6bc90f37f0a716298bc9e,escape130,320,240,yuv420p,12.5,167,13.36,167,0.0,0.0,12.5,adpcm_ima_escape,22050,1,294588,13.36,0.0,0,0,1
ger,cam3/cam31gam,3049079,92c354a7929385bc2937cb87659ae57ad343a74bb2b7239ea8157367b6ee67ab,escape130,320,240,yuv420p,12.5,217,17.36,217,0.0,0.0,12.5,adpcm_ima_escape,22050,1,382788,17.36,0.0,0,0,1
ger,cam3/cam32a2,3401948,338bf5c9844687522cc4ebf4f6a9c324606d3d772417af121d2c08bdb725a824,escape130,320,240,yuv420p,12.5,158,12.64,158,0.0,0.0,12.5,adpcm_ima_escape,22050,1,278712,12.64,0.0,0,0,1
ger,cam3/cam32alp,4850300,4edcb0e99dcb733bac640da208db5947f4a44e8d0a6af596294fb20f86db2156,escape130,320,240,yuv420p,12.5,320,25.6,320,0.0,0.0,12.5,adpcm_ima_escape,22050,1,564480,25.6,0.0,0,0,1
ger,cam3/cam32pl,6010046,28fd2ea2ee459f1ce869d2cb732296019bee2546ece5b6f4b974f485a4c27f49,escape130,320,240,yuv420p,12.5,374,29.92,374,0.0,0.0,12.5,adpcm_ima_escape,22050,1,659736,29.92,0.0,0,0,1
ger,cam3/cam32pl2,2505408,3b7bbce63226205bcc19342a8eeb9064c1dc58e9717d3ba1941445634689a48c,escape130,320,240,yuv420p,12.5,121,9.68,121,0.0,0.0,12.5,adpcm_ima_escape,22050,1,213444,9.68,0.0,0,0,1
ger,cam3/cam32pl3,1810363,2c574b2850e88e4610b30ddc0b79860dc3eefbfa5a5b0458758370092890b564,escape130,320,240,yuv420p,12.5,112,8.96,112,0.0,0.0,12.5,adpcm_ima_escape,22050,1,197568,8.96,0.0,0,0,1
ger,cam3/cam34fmv,4560239,e60dd74fde9d74ae2ab2118afe5f9711d1e8cb5722c72d25ee56f932a730437e,escape130,320,240,yuv420p,25.0,301,12.04,278,0.076,0.783,23.09,adpcm_ima_escape,22050,1,265482,12.04,0.0,0,0,1
ger,cam3/cam34mu1,2218552,f19474848b15d88d34879557e1671b6a2c9096681e138bbabbe10be4f9910a4f,escape130,320,240,yuv420p,12.5,142,11.36,142,0.0,0.0,12.5,adpcm_ima_escape,22050,1,250488,11.36,0.0,0,0,1
ger,cam3/cam34mu2,2319995,b012204dccbc3131ae0c8b67ae7cc8db719529879b10fa6927daa166ea867d0c,escape130,320,240,yuv420p,12.5,136,10.88,56,0.588,0.5,5.15,adpcm_ima_escape,22050,1,239904,10.88,0.0,0,0,1
ger,cam3/cam3_1,1738753,1c5085557982eda177e0795fbc57dd431e6252667fcd62612555b9bf0c905d77,escape130,320,240,yuv420p,12.5,144,11.52,144,0.0,0.0,12.5,adpcm_ima_escape,22050,1,254016,11.52,0.0,0,0,1
ger,cam3/cam3_1b,1608710,57b2f09a6c090b3e111bfdba4c5d8ff3fefa7599359b2490fa777ee29d784617,escape130,320,240,yuv420p,12.5,126,10.08,126,0.0,0.0,12.5,adpcm_ima_escape,22050,1,222264,10.08,0.0,0,0,1
ger,cam3/cam3_1bn,2620647,3de6bcfa3fa562b14806e55cfb9456bde9c4d7a3d62a696014f3a3d3a981e79e,escape130,320,240,yuv420p,12.5,377,30.16,370,0.019,0.571,12.27,adpcm_ima_escape,22050,1,665028,30.16,0.0,0,0,1
ger,cam3/cam3_2b,3590016,b15902978e3c19306e60e363e493d7563ad1e541fd04e0453052fac9c14fdb79,escape130,320,240,yuv420p,12.5,222,17.76,215,0.032,0.571,12.11,adpcm_ima_escape,22050,1,391608,17.76,0.0,0,0,1
ger,cam3/cam3_4a,1855240,1cd573113ebe0c527b259c02ffe3178132412293d73735edd61b2485d3f9f964,escape130,320,240,yuv420p,12.5,159,12.72,118,0.258,0.512,9.28,adpcm_ima_escape,22050,1,280476,12.72,0.0,0,0,1
ger,cam3/cam3_4b,2839772,0ce6822c7dfc34b8f7f3256ac6ee24922dd577cfbc7c1e2c0b84c8ce6f7c2932,escape130,320,240,yuv420p,12.5,245,19.6,245,0.0,0.0,12.5,adpcm_ima_escape,22050,1,432180,19.6,0.0,0,0,1
ger,cam3/cam3_bn,4115177,add6361d524289005fa532b3170b2c77d2b4462c0ec3e774c39713493b5beb51,escape130,320,240,yuv420p,12.5,408,32.64,398,0.025,0.6,12.19,adpcm_ima_escape,22050,1,719712,32.64,0.0,0,0,1
ger,cam3/cam3_cb,4082826,21188917ab982e218fca4f18344ad1c6f8a0b952943cbfed4e5afb18981741c0,escape130,320,240,yuv420p,12.5,224,17.92,224,0.0,0.0,12.5,adpcm_ima_escape,22050,1,395136,17.92,0.0,0,0,1
ger,cam3/cam3_cg,4516929,65587598865d8be777debd756d602f793dd28620d2094bf3c2f94e31e6833308,escape130,320,240,yuv420p,12.5,284,22.72,279,0.018,0.6,12.28,adpcm_ima_escape,22050,1,500976,22.72,0.0,0,0,1
ger,cam3/cam3_cn,5861698,6eca3996f769e3b624c62cce491de8c55306ea6959769fd9725dd7b42f3fbd35,escape130,320,240,yuv420p,12.5,460,36.8,456,0.009,0.5,12.39,adpcm_ima_escape,22050,1,811440,36.8,0.0,0,0,1
ger,cam3/cam3ab,4319641,84f55264a52929d43b5dcb3e3618be3a26ea2fe239d6819339ff9de674db0f0a,escape130,320,240,yuv420p,12.5,207,16.56,167,0.193,0.5,10.08,adpcm_ima_escape,22050,1,365148,16.56,0.0,0,0,1
ger,cam3/cam3aba,5084704,b59878dd82f50884ada8ea35570a0d85818401a91a988468c6bf9f987128f67d,escape130,320,240,yuv420p,12.5,384,30.72,384,0.0,0.0,12.5,adpcm_ima_escape,22050,1,677376,30.72,0.0,0,0,1
ger,cam3/cam3abf,12578169,e872570be1e91c82175fd12064b4f52eafc78354b3dc53b926ce38f589ecc53e,escape130,320,240,yuv420p,12.5,1269,101.52,1261,0.006,0.625,12.42,adpcm_ima_escape,22050,1,2238516,101.52,0.0,0,0,1
ger,cam3/cam3abpl,2275082,085e9543e8ab118b2768eb2983b971625dcd22c72278cfb295bd43dee155cade,escape130,320,240,yuv420p,12.5,109,8.72,109,0.0,0.0,12.5,adpcm_ima_escape,22050,1,192276,8.72,0.0,0,0,1
ger,cam3/cam3ad1b,4450178,97fa8248b1804a2676dae5e4f78169d2f634b48486140f230c1851a44fad875e,escape130,320,240,yuv420p,12.5,171,13.68,126,0.263,0.511,9.21,adpcm_ima_escape,22050,1,301644,13.68,0.0,0,0,1
ger,cam3/cam3ad2n,3223132,17e96a033d7ba25012eac4b94adf4932793836699c113d3e7f4d9b656b3ea62a,escape130,320,240,yuv420p,12.5,253,20.24,248,0.02,0.6,12.25,adpcm_ima_escape,22050,1,446292,20.24,0.0,0,0,1
ger,cam3/cam3b,1054463,ad9a3eff5fbf7cf75cb0d6696a05ab8383f33eb42549aff280c9319a7342b8e8,escape130,320,240,yuv420p,12.5,100,8.0,100,0.0,0.0,12.5,adpcm_ima_escape,22050,1,176400,8.0,0.0,0,0,1
ger,cam3/cam3bg,5068961,eca5a9a9d36cddd379e0d412301cf6441780c93aef26d4602e14ff3ae99cd398,escape130,320,240,yuv420p,12.5,207,16.56,203,0.019,0.75,12.26,adpcm_ima_escape,22050,1,365148,16.56,0.0,0,0,1
ger,cam3/cam3bpl,2260775,96a540b73ba603cfb809dc45768504cc1a0280160dd3bcdd656131101955356f,escape130,320,240,yuv420p,12.5,164,13.12,164,0.0,0.0,12.5,adpcm_ima_escape,22050,1,289296,13.12,0.0,0,0,1
ger,cam3/cam3cbet,3536731,30533bd528d1457447e9cbfd6a4fd9adb1f4e75686134ff7279189c569b08c44,escape130,320,240,yuv420p,12.5,161,12.88,161,0.0,0.0,12.5,adpcm_ima_escape,22050,1,284004,12.88,0.0,0,0,1
ger,cam3/cam3cpl1,1817300,16033c5511cd9ccdcc4496a965d20309dcb264b8cb0b2dd8b2fddc90801bbf32,escape130,320,240,yuv420p,12.5,88,7.04,88,0.0,0.0,12.5,adpcm_ima_escape,22050,1,155232,7.04,0.0,0,0,1
ger,cam3/cam3cpl2,1300086,0884163c47aba372af1aa2c7cd83166af21c2e2c327c786ab4cc8aa086ba3fde,escape130,320,240,yuv420p,25.0,60,2.4,60,0.0,0.0,25.0,adpcm_ima_escape,22050,1,52920,2.4,0.0,0,0,1
ger,cam3/cam3cpl3,1394270,b772cde8062af733a64f53306d53f61ca3dbdd77fd4cf5ac57e9a093785f3aa8,escape130,320,240,yuv420p,12.5,82,6.56,82,0.0,0.0,12.5,adpcm_ima_escape,22050,1,144648,6.56,0.0,0,0,1
ger,cam3/cam3int,7085393,7fc29b6f0f5497c56d1b90b9cf1209bd19761b78da0f40ffbada58feb5d3815a,escape130,320,240,yuv420p,12.5,391,31.28,389,0.005,1.0,12.44,adpcm_ima_escape,22050,1,689724,31.28,0.0,0,0,1
ger,cam3/cam3intb,3031833,4742f217af536f403737bcdc9ed1cc060b51143ec1e7c8155e1330ab20729150,escape130,320,240,yuv420p,12.5,249,19.92,191,0.233,0.5,9.59,adpcm_ima_escape,22050,1,439236,19.92,0.0,0,0,1
ger,cam3/cam3intp,3482799,e8b6af636567749bba058566be8c775a0dfeca8682d27a69e444676e25662c8e,escape130,320,240,yuv420p,12.5,215,17.2,215,0.0,0.0,12.5,adpcm_ima_escape,22050,1,379260,17.2,0.0,0,0,1
ger,cam_start,1121212,9f5e54767c31b502a120518266be267e9f3f54279836e9345127fd8f0313c581,escape130,320,240,yuv420p,25.0,100,4.0,100,0.0,0.0,25.0,,,,,,,0,0,0
ger,devastation,19187269,d6cc390cb81afdd179908e0345500bee1316f7a91f65fe55bbc366f9b5b40ae4,escape130,320,240,yuv420p,12.5,1524,121.92,1282,0.159,0.512,10.52,adpcm_ima_escape,22050,1,2688336,121.92,0.0,0,0,1
ger,eidos-logo,2826285,7dbbf29a55a99481b0a16e4954a481ada5bfe0c818756a1e0e72285f6ef78686,escape130,320,240,yuv420p,25.0,378,15.12,220,0.418,0.532,14.55,pcm_s16le,22050,1,333396,15.12,0.0,0,0,1
ger,end,938505,ace66a434157c759c891ad1650a8d3a02a5f989b7681209576b6dcdbc85a1bca,escape130,320,240,yuv420p,25.0,57,2.28,29,0.491,0.536,12.72,adpcm_ima_escape,22050,1,50274,2.28,0.0,0,0,1
ger,factory,18585466,95a3e1bb8a86b664e7a04fb422ddaf32fcf0002fa3588c7a8f9fffb8776ece11,escape130,320,240,yuv420p,25.0,1060,42.4,1012,0.045,0.542,23.87,pcm_s16le,22050,2,934920,42.4,0.0,0,0,1
ger,fastplay,1586203,9dd94c45f41700e808915628bdc4854b2131d2aedd3587606ad4c4fe4b13d918,escape130,320,240,yuv420p,12.5,122,9.76,102,0.164,0.5,10.45,adpcm_ima_escape,22050,1,215208,9.76,0.0,0,0,1
ger,incomint,1043773,d60dd699395361059403c8dbef71edd816b441f51329d1e3740c8386973bca69,escape130,320,240,yuv420p,25.0,73,2.92,73,0.0,0.0,25.0,adpcm_ima_escape,22050,1,64386,2.92,0.0,0,0,1
ger,incomtns,630794,7d6acf702292fd64519e3e8ce9266eb53777bde6fc155984839c71eff6998f3b,escape130,320,240,yuv420p,12.5,39,3.12,39,0.0,0.0,12.5,adpcm_ima_escape,22050,1,68796,3.12,0.0,0,0,1
ger,inflight,1472796,cf3c31073b642a355602205cf59a085f6c58a46e762e17d6f238a55d5f42ec70,escape130,320,240,yuv420p,25.0,151,6.04,151,0.0,0.0,25.0,adpcm_ima_escape,22050,2,133182,6.04,0.0,0,0,1
ger,nexend,731533,edfc29df176c2ebfcd60c9f48ebc138604d53837b1c92d7967a65cda6fc7d7f7,escape130,320,240,yuv420p,25.0,25,1.0,24,0.04,1.0,24.0,,,,,,,0,0,0
ger,npend,767814,a945a2557afd307b1dd56c3dfebd370f5ee80237056b600eee53a1e703521de6,escape130,320,240,yuv420p,25.0,25,1.0,24,0.04,1.0,24.0,,,,,,,0,0,0
ger,npstart,993288,6757f5ac928c2c056c27aa7063465321fc6280a623a283947bce3169919ab025,escape130,320,240,yuv420p,25.0,201,8.04,130,0.353,0.521,16.17,,,,,,,0,0,0
ger,outro,12605645,08577459a633aa57f89d4e661de54d5bdf82237c24a8680d5713c820013efce6,escape130,320,240,yuv420p,12.5,704,56.32,617,0.124,0.529,10.96,adpcm_ima_escape,22050,1,1241856,56.32,0.0,0,0,1
ger,player,691583,b3880164596461f4125c23f03739df2de8f9ad26b75cb262b0e14faf3c092e70,escape130,320,240,yuv420p,25.0,50,2.0,50,0.0,0.0,25.0,,,,,,,0,0,0
ger,plyr4sec,1413050,cc529bf837fb61c3f291e3e212e95a9820a9eec83320ebdc5f0192750ff61b84,escape130,320,240,yuv420p,25.0,99,3.96,99,0.0,0.0,25.0,adpcm_ima_escape,22050,1,87318,3.96,0.0,0,0,1
ger,prjupdat,442826,d13862043f785ce6f3848bc8aad3ac9b1bb94d4deae6728e313da47204dfe0b9,escape130,320,240,yuv420p,12.5,27,2.16,27,0.0,0.0,12.5,adpcm_ima_escape,22050,1,47628,2.16,0.0,0,0,1
ger,pumpkin,2658350,b9f495a8140dfa9518804ffa12a062b1ea84978e7539a99636b22d56e52e39b2,escape130,320,240,yuv420p,25.0,191,7.64,175,0.084,0.562,22.91,pcm_s16le,44100,2,336924,7.64,0.0,0,0,1
ger,res_com,1086316,42a7a65fae65d6dcce35a5ddac40c6c6caa208d78366a6021fa11df850f43593,escape130,192,168,yuv420p,25.0,178,7.12,101,0.433,0.519,14.19,,,,,,,0,0,0
ger,res_droid,758784,d2e576e33cf4bede3bc4e8fb52754f9eca50f446d7b1daa4370a3a5b15484c29,escape130,192,168,yuv420p,25.0,178,7.12,100,0.438,0.513,14.04,,,,,,,0,0,0
ger,res_pow,754040,91306f05a7af5ec0245469484be54f0de950007b34c418b15888b9fa50efd872,escape130,192,168,yuv420p,25.0,178,7.12,99,0.444,0.506,13.9,,,,,,,0,0,0
ger,res_struttech,574513,61ab7809991567359a676cde41eaae1cafbecc77a869cb4ba0d6985a23ba6e0d,escape130,192,168,yuv420p,25.0,178,7.12,101,0.433,0.519,14.19,,,,,,,0,0,0
ger,res_systech,855778,2519233b96a94e2347bc87da4319059839ab807f9e12ffc529c21ce3f4435236,escape130,192,168,yuv420p,25.0,178,7.12,100,0.438,0.513,14.04,,,,,,,0,0,0
ger,res_weapons,670314,b736ff19ad215fd3e2780a63e59238c0eccf2f99a9eb7a1637a40afac6aff728,escape130,192,168,yuv420p,25.0,157,6.28,100,0.363,1.0,15.92,,,,,,,0,0,0
ger,titles,6279150,f790c4e8d34ec5ec81a0e2d6484ee3c4708da5ded50de6e375c8e0446a5a9704,escape130,320,240,yuv420p,25.0,510,20.4,385,0.245,0.544,18.87,pcm_s16le,22050,2,449820,20.4,0.0,0,0,1
ger,transport,2951423,34ad6439ef11fa46257ee732ca1f83c987a045417bff3c4d86de6b76be6c2619,escape130,320,240,yuv420p,12.5,244,19.52,174,0.287,0.5,8.91,adpcm_ima_escape,22050,1,430416,19.52,0.0,0,0,1
ger,victory,592095,97573fdb2bcd5d600760ea10e9f22cbdfa47584e083eaa6e7d3db11da72ed9c4,escape130,320,240,yuv420p,25.0,48,1.92,34,0.292,0.5,17.71,adpcm_ima_escape,22050,1,42336,1.92,0.0,0,0,1
